[{"ename": "Repel", "jname": "\u3080\u3057\u3088\u3051\u30b9\u30d7\u30ec\u30fc", "cname": "\u9664\u866b\u55b7\u96fe\u5668"}, {"ename": "Super Repel", "jname": "\u30b7\u30eb\u30d0\u30fc\u30b9\u30d7\u30ec\u30fc", "cname": "\u767d\u94f6\u55b7\u96fe\u5668"}, {"ename": "Max Repel", "jname": "\u30b4\u30fc\u30eb\u30c9\u30b9\u30d7\u30ec\u30fc", "cname": "\u9ec4\u91d1\u55b7\u96fe\u5668"}, {"ename": "Escape Rope", "jname": "\u3042\u306a\u306c\u3051\u306e\u30d2\u30e2", "cname": "\u8131\u79bb\u6d1e\u7a74\u7684\u7ef3\u5b50"}, {"ename": "Black Flute", "jname": "\u304f\u308d\u3044\u30d3\u30fc\u30c9\u30ed", "cname": "\u9ed1\u8272\u54e8\u5b50"}, {"ename": "White Flute", "jname": "\u3057\u308d\u3044\u30d3\u30fc\u30c9\u30ed", "cname": "\u767d\u8272\u54e8\u5b50"}, {"ename": "Shoal Salt", "jname": "\u3042\u3055\u305b\u306e\u3057\u304a", "cname": "\u6d45\u6ee9\u6d77\u76d0"}, {"ename": "Shoal Shell", "jname": "\u3042\u3055\u305b\u306e\u304b\u3044\u304c\u3089", "cname": "\u6d45\u6ee9\u8d1d\u58f3"}, {"ename": "Red Shard", "jname": "\u3042\u304b\u3044\u304b\u3051\u3089", "cname": "\u7ea2\u8272\u788e\u7247"}, {"ename": "Blue Shard", "jname": "\u3042\u304a\u3044\u304b\u3051\u3089", "cname": "\u84dd\u8272\u788e\u7247"}, {"ename": "Yellow Shard", "jname": "\u304d\u3044\u308d\u3044\u304b\u3051\u3089", "cname": "\u9ec4\u8272\u788e\u7247"}, {"ename": "Green Shard", "jname": "\u307f\u3069\u308a\u306e\u304b\u3051\u3089", "cname": "\u7eff\u8272\u788e\u7247"}, {"ename": "Exp. Share", "jname": "\u304c\u304f\u3057\u3085\u3046\u305d\u3046\u3061", "cname": "\u5b66\u4e60\u88c5\u7f6e"}, {"ename": "Normal Box", "jname": "\u304d\u306e\u306f\u3053", "cname": "\u6728\u7bb1"}, {"ename": "Gorgeous Box", "jname": "\u304d\u308a\u306e\u306f\u3053", "cname": "\u6850\u7bb1"}, {"ename": "Slowpoketail", "jname": "\u304a\u3044\u3057\u3044\u30b7\u30c3\u30dd", "cname": "\u7f8e\u5473\u5c3e\u5df4"}, {"ename": "Honey", "jname": "\u3042\u307e\u3044\u30df\u30c4", "cname": "\u751c\u871c"}, {"ename": "Growth Mulch", "jname": "\u3059\u304f\u3059\u304f\u3053\u3084\u3057", "cname": "\u5feb\u5feb\u80a5"}, {"ename": "Damp Mulch", "jname": "\u3058\u3081\u3058\u3081\u3053\u3084\u3057", "cname": "\u6fd5\u6fd5\u80a5"}, {"ename": "Stable Mulch", "jname": "\u306a\u304c\u306a\u304c\u3053\u3084\u3057", "cname": "\u9577\u9577\u80a5"}, {"ename": "Gooey Mulch", "jname": "\u306d\u3070\u306d\u3070\u3053\u3084\u3057", "cname": "\u7c98\u7c98\u80a5"}, {"ename": "Odd Keystone", "jname": "\u304b\u306a\u3081\u3044\u3057", "cname": "\u6954\u77f3"}, {"ename": "Pass Orb", "jname": "\u30c7\u30eb\u30c0\u30de", "cname": "\u91cb\u51fa\u4e4b\u7389"}, {"ename": "Amaze Mulch", "jname": "\u3068\u3093\u3067\u3082\u3053\u3084\u3057", "cname": "\u8352\u8a95\u80a5"}, {"ename": "Boost Mulch", "jname": "\u3050\u3093\u3050\u3093\u3053\u3084\u3057", "cname": "\u52b2\u52b2\u80a5"}, {"ename": "Rich Mulch", "jname": "\u305f\u308f\u308f\u3053\u3084\u3057", "cname": "\u78a9\u679c\u80a5"}, {"ename": "Surprise Mulch", "jname": "\u3073\u3063\u304f\u308a\u3053\u3084\u3057", "cname": "\u9a5a\u8a1d\u80a5"}, {"ename": "Root Fossil", "jname": "\u306d\u3063\u3053\u306e\u30ab\u30bb\u30ad", "cname": "\u6a39\u6839\u5316\u77f3"}, {"ename": "Claw Fossil", "jname": "\u30c4\u30e1\u306e\u30ab\u30bb\u30ad", "cname": "\u5c16\u722a\u5316\u77f3"}, {"ename": "Helix Fossil", "jname": "\u304b\u3044\u306e\u30ab\u30bb\u30ad", "cname": "\u8c9d\u4e4b\u5316\u77f3"}, {"ename": "Dome Fossil", "jname": "\u3053\u3046\u3089\u306e\u30ab\u30bb\u30ad", "cname": "\u9f9c\u6bbc\u5316\u77f3"}, {"ename": "Old Amber", "jname": "\u3072\u307f\u3064\u306e\u30b3\u30cf\u30af", "cname": "\u79d8\u5bc6\u7425\u73c0"}, {"ename": "Armor Fossil", "jname": "\u305f\u3066\u306e\u30ab\u30bb\u30ad", "cname": "\u76fe\u724c\u5316\u77f3"}, {"ename": "Skull Fossil", "jname": "\u305a\u304c\u3044\u306e\u30ab\u30bb\u30ad", "cname": "\u982d\u84cb\u5316\u77f3"}, {"ename": "Cover Fossil", "jname": "\u3075\u305f\u306e\u30ab\u30bb\u30ad", "cname": "\u84cb\u72c0\u5316\u77f3"}, {"ename": "Plume Fossil", "jname": "\u306f\u306d\u306e\u30ab\u30bb\u30ad", "cname": "\u7fbd\u4e4b\u5316\u77f3"}, {"ename": "Jaw Fossil", "jname": "\u30a2\u30b4\u306e\u30ab\u30bb\u30ad", "cname": "\u984e\u4e4b\u5316\u77f3"}, {"ename": "Sail Fossil", "jname": "\u30d2\u30ec\u306e\u30ab\u30bb\u30ad", "cname": "\u9c2d\u4e4b\u5316\u77f3"}, {"ename": "Sun Stone", "jname": "\u305f\u3044\u3088\u3046\u306e\u3044\u3057", "cname": "\u592a\u9633\u77f3"}, {"ename": "Moon Stone", "jname": "\u3064\u304d\u306e\u3044\u3057", "cname": "\u6708\u4e4b\u77f3"}, {"ename": "Fire Stone", "jname": "\u307b\u306e\u304a\u306e\u3044\u3057", "cname": "\u706b\u4e4b\u77f3"}, {"ename": "Thunderstone", "jname": "\u304b\u307f\u306a\u308a\u306e\u3044\u3057", "cname": "\u96f7\u4e4b\u77f3"}, {"ename": "Water Stone", "jname": "\u307f\u305a\u306e\u3044\u3057", "cname": "\u6c34\u4e4b\u77f3"}, {"ename": "Leaf Stone", "jname": "\u30ea\u30fc\u30d5\u306e\u3044\u3057", "cname": "\u53f6\u4e4b\u77f3"}, {"ename": "Shiny Stone", "jname": "\u3072\u304b\u308a\u306e\u3044\u3057", "cname": "\u5149\u4e4b\u77f3"}, {"ename": "Dusk Stone", "jname": "\u3084\u307f\u306e\u3044\u3057", "cname": "\u6697\u4e4b\u77f3"}, {"ename": "Dawn Stone", "jname": "\u3081\u3056\u3081\u3044\u3057", "cname": "\u89c9\u9192\u77f3"}, {"ename": "Tiny mushroom", "jname": "\u3061\u3044\u3055\u306a\u30ad\u30ce\u30b3", "cname": "\u5c0f\u8611\u83c7"}, {"ename": "Big Mushroom", "jname": "\u304a\u304a\u304d\u306a\u30ad\u30ce\u30b3", "cname": "\u5927\u8611\u83c7"}, {"ename": "Pearl", "jname": "\u3057\u3093\u3058\u3085", "cname": "\u73cd\u73e0"}, {"ename": "Big Pearl", "jname": "\u304a\u304a\u304d\u306a\u3057\u3093\u3058\u3085", "cname": "\u5927\u73cd\u73e0"}, {"ename": "Stardust", "jname": "\u307b\u3057\u306e\u3059\u306a", "cname": "\u661f\u661f\u7684\u6c99\u5b50"}, {"ename": "Star Piece", "jname": "\u307b\u3057\u306e\u304b\u3051\u3089", "cname": "\u661f\u661f\u7684\u788e\u7247"}, {"ename": "Gold Leaf", "jname": "\u304d\u3093\u306e\u306f\u3063\u3071", "cname": "\u91d1\u8449"}, {"ename": "Silver Leaf", "jname": "\u304e\u3093\u306e\u306f\u3063\u3071", "cname": "\u9280\u8449"}, {"ename": "Brick Piece", "jname": "\u304b\u308f\u3089\u306e\u304b\u3051\u3089", "cname": "\u78da\u74e6\u788e\u7247"}, {"ename": "Nugget", "jname": "\u304d\u3093\u306e\u305f\u307e", "cname": "\u91d1\u8272\u73e0"}, {"ename": "Heart Scale", "jname": "\u30cf\u30fc\u30c8\u306e\u30a6\u30ed\u30b3", "cname": "\u5fc3\u4e4b\u9cde\u7247"}, {"ename": "Rare Bone", "jname": "\u304d\u3061\u3087\u3046\u306a\u30db\u30cd", "cname": "\u8d35\u91cd\u9aa8\u5934"}, {"ename": "Pretty Wing", "jname": "\u304d\u308c\u3044\u306a\u30cf\u30cd", "cname": "\u7f8e\u9e97\u7fbd\u6bdb"}, {"ename": "BalmMushroom", "jname": "\u304b\u304a\u308b\u30ad\u30ce\u30b3", "cname": "\u82b3\u9999\u8611\u83c7"}, {"ename": "Big Nugget", "jname": "\u3067\u304b\u3044\u304d\u3093\u306e\u305f\u307e", "cname": "\u5927\u91d1\u8272\u73e0"}, {"ename": "Pearl String", "jname": "\u304a\u3060\u3093\u3054\u3057\u3093\u3058\u3085", "cname": "\u73cd\u73e0\u7cf0\u5b50"}, {"ename": "Comet Shard", "jname": "\u3059\u3044\u305b\u3044\u306e\u304b\u3051\u3089", "cname": "\u5f57\u661f\u788e\u7247"}, {"ename": "Relic Copper", "jname": "\u3053\u3060\u3044\u306e\u3069\u3046\u304b", "cname": "\u53e4\u4ee3\u9285\u5e63"}, {"ename": "Relic Silver", "jname": "\u3053\u3060\u3044\u306e\u304e\u3093\u304b", "cname": "\u53e4\u4ee3\u9280\u5e63"}, {"ename": "Relic Gold", "jname": "\u3053\u3060\u3044\u306e\u304d\u3093\u304b", "cname": "\u53e4\u4ee3\u91d1\u5e63"}, {"ename": "Relic Vase", "jname": "\u3053\u3060\u3044\u306e\u30c4\u30dc", "cname": "\u53e4\u4ee3\u4e4b\u58fa"}, {"ename": "Relic Band", "jname": "\u3053\u3060\u3044\u306e\u3046\u3067\u308f", "cname": "\u53e4\u4ee3\u624b\u9432"}, {"ename": "Relic Statue", "jname": "\u3053\u3060\u3044\u306e\u305b\u304d\u305d\u3046", "cname": "\u53e4\u4ee3\u77f3\u50cf"}, {"ename": "Relic Crown", "jname": "\u3053\u3060\u3044\u306e\u304a\u3046\u304b\u3093", "cname": "\u53e4\u4ee3\u738b\u51a0"}, {"ename": "BrightPowder", "jname": "\u3072\u304b\u308a\u306e\u3053\u306a", "cname": "\u4eae\u5149\u4e4b\u7c89"}, {"ename": "Exp. Share", "jname": "\u304c\u304f\u3057\u3085\u3046\u305d\u3046\u3061", "cname": "\u5b66\u4e60\u88c5\u7f6e"}, {"ename": "Quick Claw", "jname": "\u305b\u3093\u305b\u3044\u306e\u30c4\u30e1", "cname": "\u5148\u653b\u4e4b\u722a"}, {"ename": "King's Rock", "jname": "\u304a\u3046\u3058\u3083\u306e\u3057\u308b\u3057", "cname": "\u738b\u8005\u4e4b\u8bc1"}, {"ename": "SilverPowder", "jname": "\u304e\u3093\u306e\u3053\u306a", "cname": "\u94f6\u8272\u7684\u7c89"}, {"ename": "Amulet Coin", "jname": "\u304a\u307e\u3082\u308a\u3053\u3070\u3093", "cname": "\u62a4\u8eab\u91d1\u5e01"}, {"ename": "Cleanse Tag", "jname": "\u304d\u3088\u3081\u306e\u304a\u3075\u3060", "cname": "\u51c0\u8eab\u7684\u62a4\u8eab\u7b26"}, {"ename": "Smoke Ball", "jname": "\u3051\u3080\u308a\u3060\u307e", "cname": "\u70df\u96fe\u7403"}, {"ename": "Everstone", "jname": "\u304b\u308f\u3089\u305a\u306e\u3044\u3057", "cname": "\u4e0d\u53d8\u4e4b\u77f3"}, {"ename": "Focus Band", "jname": "\u304d\u3042\u3044\u306e\u30cf\u30c1\u30de\u30ad", "cname": "\u632f\u594b\u7cbe\u795e\u7684\u5934\u5e03"}, {"ename": "Focus Sash", "jname": "\u304d\u3042\u3044\u306e\u30bf\u30b9\u30ad", "cname": "\u632f\u594b\u7cbe\u795e\u7684\u7ed1\u5e26"}, {"ename": "Lucky Egg", "jname": "\u3057\u3042\u308f\u305b\u30bf\u30de\u30b4", "cname": "\u5e78\u8fd0\u86cb"}, {"ename": "Scope Lens", "jname": "\u30d4\u30f3\u30c8\u30ec\u30f3\u30ba", "cname": "\u7126\u70b9\u955c\u7247"}, {"ename": "Metal Coat", "jname": "\u30e1\u30bf\u30eb\u30b3\u30fc\u30c8", "cname": "\u91d1\u5c5e\u6d82\u5c42"}, {"ename": "Leftovers", "jname": "\u305f\u3079\u306e\u3053\u3057", "cname": "\u5403\u5269\u4e0b\u7684\u4e1c\u897f"}, {"ename": "Dragon Scale", "jname": "\u308a\u3085\u3046\u306e\u30a6\u30ed\u30b3", "cname": "\u9f99\u4e4b\u9cde\u7247"}, {"ename": "Light Ball", "jname": "\u3067\u3093\u304d\u3060\u307e", "cname": "\u7535\u6c14\u7403"}, {"ename": "Soft Sand", "jname": "\u3084\u308f\u3089\u304b\u3044\u3059\u306a", "cname": "\u67d4\u8f6f\u7684\u6c99\u5b50"}, {"ename": "Hard Stone", "jname": "\u304b\u305f\u3044\u3044\u3057", "cname": "\u786c\u77f3\u5934"}, {"ename": "Miracle Seed", "jname": "\u304d\u305b\u304d\u306e\u30bf\u30cd", "cname": "\u5947\u8ff9\u79cd\u5b50"}, {"ename": "BlackGlasses", "jname": "\u304f\u308d\u3044\u30e1\u30ac\u30cd", "cname": "\u9ed1\u8272\u7684\u773c\u955c"}, {"ename": "Black Belt", "jname": "\u304f\u308d\u304a\u3073", "cname": "\u9ed1\u8272\u5e26\u5b50"}, {"ename": "Magnet", "jname": "\u3058\u3057\u3083\u304f", "cname": "\u78c1\u94c1"}, {"ename": "Mystic Water", "jname": "\u3057\u3093\u3074\u306e\u3057\u305a\u304f", "cname": "\u795e\u79d8\u6c34\u6ef4"}, {"ename": "Sharp Beak", "jname": "\u3059\u308b\u3069\u3044\u304f\u3061\u3070\u3057", "cname": "\u5c16\u9510\u9e1f\u5634"}, {"ename": "Poison Barb", "jname": "\u3069\u304f\u30d0\u30ea", "cname": "\u6bd2\u9488"}, {"ename": "NeverMeltIce", "jname": "\u3068\u3051\u306a\u3044\u3053\u304a\u308a", "cname": "\u4e0d\u878d\u51b0"}, {"ename": "Spell Tag", "jname": "\u306e\u308d\u3044\u306e\u304a\u3075\u3060", "cname": "\u8bc5\u5492\u62a4\u8eab\u7b26"}, {"ename": "TwistedSpoon", "jname": "\u307e\u304c\u3063\u305f\u30b9\u30d7\u30fc\u30f3", "cname": "\u5f2f\u66f2\u7684\u6c64\u5319"}, {"ename": "Charcoal", "jname": "\u3082\u304f\u305f\u3093", "cname": "\u6728\u70ad"}, {"ename": "Dragon Fang", "jname": "\u308a\u3085\u3046\u306e\u30ad\u30d0", "cname": "\u9f99\u4e4b\u7259"}, {"ename": "Pink Ribbon", "jname": "\u30d4\u30f3\u30af\u306e\u30ea\u30dc\u30f3", "cname": "\u6c34\u7389\u7f0e\u5e26"}, {"ename": "Polkadot Bow", "jname": "\u307f\u305a\u305f\u307e\u308a\u30dc\u30f3", "cname": "\u6ce2\u9ede\u7dde\u5e36"}, {"ename": "Up-Grade", "jname": "\u30a2\u30c3\u30d7\u30b0\u30ec\u30fc\u30c9", "cname": "\u5347\u7ea7\u5361\u7247"}, {"ename": "Lucky Punch", "jname": "\u30e9\u30c3\u30ad\u30fc\u30d1\u30f3\u30c1", "cname": "\u5e78\u8fd0\u62f3\u5957"}, {"ename": "Metal Powder", "jname": "\u30e1\u30bf\u30eb\u30d1\u30a6\u30c0\u30fc", "cname": "\u91d1\u5c5e\u7c89"}, {"ename": "Thick Club", "jname": "\u3075\u3068\u3044\u30db\u30cd", "cname": "\u7c97\u9aa8\u68d2"}, {"ename": "Stick", "jname": "\u306a\u304c\u306d\u304e", "cname": "\u957f\u8471"}, {"ename": "Berserk Gene", "jname": "\u306f\u304b\u3044\u306e\u3044\u3067\u3093\u3057", "cname": "\u7834\u58de\u7684\u57fa\u56e0"}, {"ename": "White Herb", "jname": "\u3057\u308d\u3044\u30cf\u30fc\u30d6", "cname": "\u767d\u8272\u836f\u8349"}, {"ename": "Macho Brace", "jname": "\u304d\u3087\u3046\u305b\u3044\u30ae\u30d7\u30b9", "cname": "\u5f3a\u5236\u953b\u70bc\u5668"}, {"ename": "Soothe Bell", "jname": "\u3084\u3059\u3089\u304e\u306e\u3059\u305a", "cname": "\u5b89\u629a\u4e4b\u94c3"}, {"ename": "Mental Herb", "jname": "\u30e1\u30f3\u30bf\u30eb\u30cf\u30fc\u30d6", "cname": "\u5fc3\u7075\u836f\u8349"}, {"ename": "Choice Band", "jname": "\u3053\u3060\u308f\u308a\u30cf\u30c1\u30de\u30ad", "cname": "\u9650\u5b9a\u62db\u5f0f\u7684\u5934\u5dfe"}, {"ename": "Soul Dew", "jname": "\u3053\u3053\u308d\u306e\u3057\u305a\u304f", "cname": "\u5fc3\u4e4b\u6c34\u6ef4"}, {"ename": "DeepSeaTooth", "jname": "\u3057\u3093\u304b\u3044\u306e\u30ad\u30d0", "cname": "\u6df1\u6d77\u4e4b\u7259"}, {"ename": "DeepSeaScale", "jname": "\u3057\u3093\u304b\u3044\u306e\u30a6\u30ed\u30b3", "cname": "\u6df1\u6d77\u4e4b\u9cde"}, {"ename": "Silk Scarf", "jname": "\u30b7\u30eb\u30af\u306e\u30b9\u30ab\u30fc\u30d5", "cname": "\u4e1d\u7ef8\u56f4\u5dfe"}, {"ename": "Shell Bell", "jname": "\u304b\u3044\u304c\u3089\u306e\u3059\u305a", "cname": "\u8d1d\u58f3\u4e4b\u94c3"}, {"ename": "Sea Incense", "jname": "\u3046\u3057\u304a\u306e\u304a\u3053\u3046", "cname": "\u6d77\u6f6e\u718f\u9999"}, {"ename": "Lax Incense", "jname": "\u306e\u3093\u304d\u306e\u304a\u3053\u3046", "cname": "\u60a0\u95f2\u718f\u9999"}, {"ename": "Red Scarf", "jname": "\u3042\u304b\u3044\u30d0\u30f3\u30c0\u30ca", "cname": "\u7ea2\u8272\u5934\u5dfe"}, {"ename": "Blue Scarf", "jname": "\u3042\u304a\u3044\u30d0\u30f3\u30c0\u30ca", "cname": "\u84dd\u8272\u5934\u5dfe"}, {"ename": "Pink Scarf", "jname": "\u30d4\u30f3\u30af\u306e\u30d0\u30f3\u30c0\u30ca", "cname": "\u7c89\u7ea2\u5934\u5dfe"}, {"ename": "Green Scarf", "jname": "\u307f\u3069\u308a\u306e\u30d0\u30f3\u30c0\u30ca", "cname": "\u7eff\u8272\u5934\u5dfe"}, {"ename": "Yellow Scarf", "jname": "\u304d\u3044\u308d\u306e\u30d0\u30f3\u30c0\u30ca", "cname": "\u9ec4\u8272\u5934\u5dfe"}, {"ename": "Flame Plate", "jname": "\u3072\u306e\u305f\u307e\u30d7\u30ec\u30fc\u30c8", "cname": "\u706b\u7403\u4ee4"}, {"ename": "Splash Plate", "jname": "\u3057\u305a\u304f\u30d7\u30ec\u30fc\u30c8", "cname": "\u6c34\u6ef4\u4ee4"}, {"ename": "Zap Plate", "jname": "\u3044\u304b\u305a\u3061\u30d7\u30ec\u30fc\u30c8", "cname": "\u96f7\u7535\u4ee4"}, {"ename": "Meadow Plate", "jname": "\u307f\u3069\u308a\u306e\u30d7\u30ec\u30fc\u30c8", "cname": "\u78a7\u7eff\u4ee4"}, {"ename": "Icicle Plate", "jname": "\u3064\u3089\u3089\u306e\u30d7\u30ec\u30fc\u30c8", "cname": "\u51b0\u67f1\u4ee4"}, {"ename": "Fist Plate", "jname": "\u3053\u3076\u3057\u306e\u30d7\u30ec\u30fc\u30c8", "cname": "\u62f3\u5934\u4ee4"}, {"ename": "Toxic Plate", "jname": "\u3082\u3046\u3069\u304f\u30d7\u30ec\u30fc\u30c8", "cname": "\u5267\u6bd2\u4ee4"}, {"ename": "Earth Plate", "jname": "\u3060\u3044\u3061\u306e\u30d7\u30ec\u30fc\u30c8", "cname": "\u5927\u5730\u4ee4"}, {"ename": "Sky Plate", "jname": "\u3042\u304a\u305e\u3089\u30d7\u30ec\u30fc\u30c8", "cname": "\u9752\u7a7a\u4ee4"}, {"ename": "Mind Plate", "jname": "\u3075\u3057\u304e\u306e\u30d7\u30ec\u30fc\u30c8", "cname": "\u5947\u5f02\u4ee4"}, {"ename": "Insect Plate", "jname": "\u305f\u307e\u3080\u3057\u30d7\u30ec\u30fc\u30c8", "cname": "\u7389\u866b\u4ee4"}, {"ename": "Stone Plate", "jname": "\u304c\u3093\u305b\u304d\u30d7\u30ec\u30fc\u30c8", "cname": "\u5ca9\u77f3\u4ee4"}, {"ename": "Spooky Plate", "jname": "\u3082\u306e\u306e\u3051\u30d7\u30ec\u30fc\u30c8", "cname": "\u5996\u602a\u4ee4"}, {"ename": "Draco Plate", "jname": "\u308a\u3085\u3046\u306e\u30d7\u30ec\u30fc\u30c8", "cname": "\u9f99\u4e4b\u4ee4"}, {"ename": "Dread Plate", "jname": "\u3053\u308f\u3082\u3066\u30d7\u30ec\u30fc\u30c8", "cname": "\u51f6\u72e0\u4ee4"}, {"ename": "Iron Plate", "jname": "\u3053\u3046\u3066\u3064\u30d7\u30ec\u30fc\u30c8", "cname": "\u94a2\u94c1\u4ee4"}, {"ename": "Odd Incense", "jname": "\u3042\u3084\u3057\u3044\u304a\u3053\u3046", "cname": "\u602a\u5f02\u718f\u9999"}, {"ename": "Rock Incense", "jname": "\u304c\u3093\u305b\u304d\u304a\u3053\u3046", "cname": "\u5ca9\u77f3\u718f\u9999"}, {"ename": "Full Incense", "jname": "\u307e\u3093\u3077\u304f\u304a\u3053\u3046", "cname": "\u6ee1\u8179\u718f\u9999"}, {"ename": "Wave Incense", "jname": "\u3055\u3056\u306a\u307f\u306e\u304a\u3053\u3046", "cname": "\u6ce2\u7eb9\u718f\u9999"}, {"ename": "Rose Incense", "jname": "\u304a\u306f\u306a\u306e\u304a\u3053\u3046", "cname": "\u9c9c\u82b1\u718f\u9999"}, {"ename": "Luck Incense", "jname": "\u3053\u3046\u3046\u3093\u306e\u304a\u3053\u3046", "cname": "\u5e78\u8fd0\u718f\u9999"}, {"ename": "Pure Incense", "jname": "\u304d\u3088\u3081\u306e\u304a\u3053\u3046", "cname": "\u6e05\u51c0\u718f\u9999"}, {"ename": "Protector", "jname": "\u30d7\u30ed\u30c6\u30af\u30bf\u30fc", "cname": "\u62a4\u8eab\u76d4\u7532"}, {"ename": "Electirizer", "jname": "\u30a8\u30ec\u30ad\u30d6\u30fc\u30b9\u30bf\u30fc", "cname": "\u7535\u529b\u53d1\u52a8\u673a"}, {"ename": "Magmarizer", "jname": "\u30de\u30b0\u30de\u30d6\u30fc\u30b9\u30bf\u30fc", "cname": "\u5ca9\u6d46\u9a71\u52a8\u5668"}, {"ename": "Dubious Disc", "jname": "\u3042\u3084\u3057\u3044\u30d1\u30c3\u30c1", "cname": "\u602a\u5f02\u8865\u4e01"}, {"ename": "Reaper Cloth", "jname": "\u308c\u3044\u304b\u3044\u306e\u306c\u306e", "cname": "\u7075\u754c\u4e4b\u5e03"}, {"ename": "Razor Claw", "jname": "\u3059\u308b\u3069\u3044\u30c4\u30e1", "cname": "\u9510\u5229\u722a\u5b50"}, {"ename": "Razor Fang", "jname": "\u3059\u308b\u3069\u3044\u30ad\u30d0", "cname": "\u9510\u5229\u7259"}, {"ename": "Oval Stone", "jname": "\u307e\u3093\u307e\u308b\u3044\u3057", "cname": "\u5706\u77f3\u5934"}, {"ename": "Adamant Orb", "jname": "\u3053\u3093\u3054\u3046\u3060\u307e", "cname": "\u91d1\u521a\u7389\u9b42"}, {"ename": "Lustrous Orb", "jname": "\u3057\u3089\u305f\u307e", "cname": "\u767d\u7389\u9b42"}, {"ename": "Griseous Orb", "jname": "\u306f\u3063\u304d\u3093\u3060\u307e", "cname": "\u767d\u91d1\u7389\u9b42"}, {"ename": "Wide Lens", "jname": "\u3053\u3046\u304b\u304f\u30ec\u30f3\u30ba", "cname": "\u5e7f\u89d2\u955c\u7247"}, {"ename": "Muscle Band", "jname": "\u3061\u304b\u3089\u306e\u30cf\u30c1\u30de\u30ad", "cname": "\u529b\u91cf\u5934\u5dfe"}, {"ename": "Wise Glasses", "jname": "\u3082\u306e\u3057\u308a\u30e1\u30ac\u30cd", "cname": "\u77e5\u8bc6\u773c\u955c"}, {"ename": "Expert Belt", "jname": "\u305f\u3064\u3058\u3093\u306e\u304a\u3073", "cname": "\u8fbe\u4eba\u5e26\u5b50"}, {"ename": "Light Clay", "jname": "\u3072\u304b\u308a\u306e\u306d\u3093\u3069", "cname": "\u5149\u4e4b\u7c98\u571f"}, {"ename": "Life Orb", "jname": "\u3044\u306e\u3061\u306e\u305f\u307e", "cname": "\u751f\u547d\u4e4b\u7389"}, {"ename": "Power Herb", "jname": "\u30d1\u30ef\u30d5\u30eb\u30cf\u30fc\u30d6", "cname": "\u529b\u91cf\u836f\u8349"}, {"ename": "Toxic Orb", "jname": "\u3069\u304f\u3069\u304f\u3060\u307e", "cname": "\u5267\u6bd2\u73e0"}, {"ename": "Flame Orb", "jname": "\u304b\u3048\u3093\u3060\u307e", "cname": "\u706b\u7130\u73e0"}, {"ename": "Quick Powder", "jname": "\u30b9\u30d4\u30fc\u30c9\u30d1\u30a6\u30c0\u30fc", "cname": "\u901f\u5ea6\u7c89"}, {"ename": "Zoom Lens", "jname": "\u30d5\u30a9\u30fc\u30ab\u30b9\u30ec\u30f3\u30ba", "cname": "\u5c0d\u7126\u93e1\u7247"}, {"ename": "Metronome", "jname": "\u30e1\u30c8\u30ed\u30ce\u30fc\u30e0", "cname": "\u8282\u62cd\u5668"}, {"ename": "Iron Ball", "jname": "\u304f\u308d\u3044\u3066\u3063\u304d\u3085\u3046", "cname": "\u9ed1\u8272\u94c1\u7403"}, {"ename": "Lagging Tail", "jname": "\u3053\u3046\u3053\u3046\u306e\u3057\u3063\u307d", "cname": "\u540e\u653b\u4e4b\u5c3e"}, {"ename": "Destiny Knot", "jname": "\u3042\u304b\u3044\u3044\u3068", "cname": "\u7ea2\u7ebf"}, {"ename": "Black Sludge", "jname": "\u304f\u308d\u3044\u30d8\u30c9\u30ed", "cname": "\u9ed1\u8272\u6de4\u6ce5"}, {"ename": "Icy Rock", "jname": "\u3064\u3081\u305f\u3044\u3044\u308f", "cname": "\u51b0\u51b7\u5ca9\u77f3"}, {"ename": "Smooth Rock", "jname": "\u3055\u3089\u3055\u3089\u3044\u308f", "cname": "\u6d41\u6c99\u5ca9\u77f3"}, {"ename": "Heat Rock", "jname": "\u3042\u3064\u3044\u3044\u308f", "cname": "\u708e\u70ed\u5ca9\u77f3"}, {"ename": "Damp Rock", "jname": "\u3057\u3081\u3063\u305f\u3044\u308f", "cname": "\u6f6e\u6e7f\u5ca9\u77f3"}, {"ename": "Grip Claw", "jname": "\u306d\u3070\u308a\u306e\u304b\u304e\u3065\u3081", "cname": "\u9ecf\u7740\u94a9\u722a"}, {"ename": "Choice Scarf", "jname": "\u3053\u3060\u308f\u308a\u30b9\u30ab\u30fc\u30d5", "cname": "\u9650\u5b9a\u62db\u5f0f\u7684\u56f4\u5dfe"}, {"ename": "Sticky Barb", "jname": "\u304f\u3063\u3064\u304d\u30d0\u30ea", "cname": "\u9644\u9488"}, {"ename": "Power Bracer", "jname": "\u30d1\u30ef\u30fc\u30ea\u30b9\u30c8", "cname": "\u529b\u91cf\u62a4\u8155"}, {"ename": "Power Belt", "jname": "\u30d1\u30ef\u30fc\u30d9\u30eb\u30c8", "cname": "\u529b\u91cf\u8170\u5e26"}, {"ename": "Power Lens", "jname": "\u30d1\u30ef\u30fc\u30ec\u30f3\u30ba", "cname": "\u529b\u91cf\u955c\u7247"}, {"ename": "Power Band", "jname": "\u30d1\u30ef\u30fc\u30d0\u30f3\u30c9", "cname": "\u529b\u91cf\u675f\u5e26"}, {"ename": "Power Anklet", "jname": "\u30d1\u30ef\u30fc\u30a2\u30f3\u30af\u30eb", "cname": "\u529b\u91cf\u62a4\u8e1d"}, {"ename": "Power Weight", "jname": "\u30d1\u30ef\u30fc\u30a6\u30a8\u30a4\u30c8", "cname": "\u529b\u91cf\u8d1f\u91cd"}, {"ename": "Shed Shell", "jname": "\u304d\u308c\u3044\u306a\u306c\u3051\u304c\u3089", "cname": "\u6f02\u4eae\u5916\u5957"}, {"ename": "Big Root", "jname": "\u304a\u304a\u304d\u306a\u306d\u3063\u3053", "cname": "\u5de8\u5927\u6839\u830e"}, {"ename": "Choice Specs", "jname": "\u3053\u3060\u308f\u308a\u30e1\u30ac\u30cd", "cname": "\u9650\u5b9a\u62db\u5f0f\u7684\u773c\u955c"}, {"ename": "Douse Drive", "jname": "\u30a2\u30af\u30a2\u30ab\u30bb\u30c3\u30c8", "cname": "\u6c34\u67f1\u5361\u5e26"}, {"ename": "Burn Drive", "jname": "\u30d6\u30ec\u30a4\u30ba\u30ab\u30bb\u30c3\u30c8", "cname": "\u706b\u7130\u5361\u5e26"}, {"ename": "Chill Drive", "jname": "\u30d5\u30ea\u30fc\u30ba\u30ab\u30bb\u30c3\u30c8", "cname": "\u51b0\u51bb\u5361\u5e26"}, {"ename": "Prism Scale", "jname": "\u304d\u308c\u3044\u306a\u30a6\u30ed\u30b3", "cname": "\u7dba\u9e97\u9c57\u7247"}, {"ename": "Eviolite", "jname": "\u3057\u3093\u304b\u306e\u304d\u305b\u304d", "cname": "\u9032\u5316\u8f1d\u77f3"}, {"ename": "Float Stone", "jname": "\u304b\u308b\u3044\u3057", "cname": "\u6d6e\u77f3"}, {"ename": "Rocky Helmet", "jname": "\u30b4\u30c4\u30b4\u30c4\u30e1\u30c3\u30c8", "cname": "\u5805\u786c\u982d\u76d4"}, {"ename": "Air Balloon", "jname": "\u3075\u3046\u305b\u3093", "cname": "\u6c23\u7403"}, {"ename": "Red Card", "jname": "\u30ec\u30c3\u30c9\u30ab\u30fc\u30c9", "cname": "\u7d05\u724c"}, {"ename": "Ring Target", "jname": "\u306d\u3089\u3044\u306e\u307e\u3068", "cname": "\u72d9\u64ca\u6a19\u9776"}, {"ename": "Binding Band", "jname": "\u3057\u3081\u3064\u3051\u30d0\u30f3\u30c9", "cname": "\u7dca\u56fa\u982d\u5dfe"}, {"ename": "Absorb Bulb", "jname": "\u304d\u3085\u3046\u3053\u3093", "cname": "\u7403\u6839"}, {"ename": "Cell Battery", "jname": "\u3058\u3085\u3046\u3067\u3093\u3061", "cname": "\u5145\u96fb\u96fb\u6c60"}, {"ename": "Eject Button", "jname": "\u3060\u3063\u3057\u3085\u3064\u30dc\u30bf\u30f3", "cname": "\u9003\u812b\u6309\u9215"}, {"ename": "Fire Gem", "jname": "\u307b\u306e\u304a\u306e\u30b8\u30e5\u30a8\u30eb", "cname": "\u708e\u4e4b\u5b9d\u77f3"}, {"ename": "Water Gem", "jname": "\u307f\u305a\u306e\u30b8\u30e5\u30a8\u30eb", "cname": "\u6c34\u4e4b\u5b9d\u77f3"}, {"ename": "Electric Gem", "jname": "\u3067\u3093\u304d\u306e\u30b8\u30e5\u30a8\u30eb", "cname": "\u7535\u4e4b\u5b9d\u77f3"}, {"ename": "Grass Gem", "jname": "\u304f\u3055\u306e\u30b8\u30e5\u30a8\u30eb", "cname": "\u8349\u4e4b\u5b9d\u77f3"}, {"ename": "Ice Gem", "jname": "\u3053\u304a\u308a\u306e\u30b8\u30e5\u30a8\u30eb", "cname": "\u51b0\u4e4b\u5b9d\u77f3"}, {"ename": "Fighting Gem", "jname": "\u304b\u304f\u3068\u3046\u30b8\u30e5\u30a8\u30eb", "cname": "\u683c\u6597\u5b9d\u77f3"}, {"ename": "Poison Gem", "jname": "\u3069\u304f\u306e\u30b8\u30e5\u30a8\u30eb", "cname": "\u6bd2\u4e4b\u5b9d\u77f3"}, {"ename": "Ground Gem", "jname": "\u3058\u3081\u3093\u306e\u30b8\u30e5\u30a8\u30eb", "cname": "\u5730\u4e0a\u5b9d\u77f3"}, {"ename": "Flying Gem", "jname": "\u3072\u3053\u3046\u306e\u30b8\u30e5\u30a8\u30eb", "cname": "\u98de\u884c\u5b9d\u77f3"}, {"ename": "Psychic Gem", "jname": "\u30a8\u30b9\u30d1\u30fc\u30b8\u30e5\u30a8\u30eb", "cname": "\u8d85\u80fd\u5b9d\u77f3"}, {"ename": "Insect Gem", "jname": "\u3080\u3057\u306e\u30b8\u30e5\u30a8\u30eb", "cname": "\u866b\u4e4b\u5b9d\u77f3"}, {"ename": "Rock Gem", "jname": "\u3044\u308f\u306e\u30b8\u30e5\u30a8\u30eb", "cname": "\u5ca9\u77f3\u5b9d\u77f3"}, {"ename": "Ghost Gem", "jname": "\u30b4\u30fc\u30b9\u30c8\u30b8\u30e5\u30a8\u30eb", "cname": "\u5e7d\u7075\u5b9d\u77f3"}, {"ename": "Dragon Gem", "jname": "\u30c9\u30e9\u30b4\u30f3\u30b8\u30e5\u30a8\u30eb", "cname": "\u9f99\u4e4b\u5b9d\u77f3"}, {"ename": "Dark Gem", "jname": "\u3042\u304f\u306e\u30b8\u30e5\u30a8\u30eb", "cname": "\u6076\u4e4b\u5b9d\u77f3"}, {"ename": "Steel Gem", "jname": "\u306f\u304c\u306d\u306e\u30b8\u30e5\u30a8\u30eb", "cname": "\u94a2\u4e4b\u5b9d\u77f3"}, {"ename": "Normal Gem", "jname": "\u30ce\u30fc\u30de\u30eb\u30b8\u30e5\u30a8\u30eb", "cname": "\u4e00\u822c\u5b9d\u77f3"}, {"ename": "Weakness Policy", "jname": "\u3058\u3083\u304f\u3066\u3093\u307b\u3051\u3093", "cname": "\u5f31\u70b9\u4fdd\u9669"}, {"ename": "Assault Vest", "jname": "\u3068\u3064\u3052\u304d\u30c1\u30e7\u30c3\u30ad", "cname": "\u7a81\u51fb\u62a4\u7532"}, {"ename": "Pixie Plate", "jname": "\u305b\u3044\u308c\u3044\u30d7\u30ec\u30fc\u30c8", "cname": "\u7cbe\u9748\u4ee4"}, {"ename": "Ability Capsule", "jname": "\u3068\u304f\u305b\u3044\u30ab\u30d7\u30bb\u30eb", "cname": "\u7279\u6027\u80f6\u56ca"}, {"ename": "Safety Goggles", "jname": "\u307c\u3046\u3058\u3093\u30b4\u30fc\u30b0\u30eb", "cname": "\u9632\u5c18\u62a4\u773c\u955c"}, {"ename": "Whipped Dream", "jname": "\u30db\u30a4\u30c3\u30d7\u30dd\u30c3\u30d7", "cname": "\u5976\u6cb9\u68d2\u7cd6"}, {"ename": "Sachet", "jname": "\u306b\u304a\u3044\u3076\u304f\u308d", "cname": "\u9999\u56ca"}, {"ename": "Luminous Moss", "jname": "\u3072\u304b\u308b\u30b3\u30b1", "cname": "\u5149\u82d4"}, {"ename": "Snowball", "jname": "\u3086\u304d\u3060\u307e", "cname": "\u96ea\u7403"}, {"ename": "Fairy Gem", "jname": "\u30d5\u30a7\u30a2\u30ea\u30fc\u30b8\u30e5\u30a8\u30eb", "cname": "\u5996\u7cbe\u5b9d\u77f3"}, {"ename": "Potion", "jname": "\u30ad\u30ba\u3050\u3059\u308a", "cname": "\u836f\u6c34"}, {"ename": "Antidote", "jname": "\u3069\u304f\u3051\u3057", "cname": "\u89e3\u6bd2\u5242"}, {"ename": "Burn Heal", "jname": "\u3084\u3051\u3069\u306a\u304a\u3057", "cname": "\u707c\u4f24\u836f"}, {"ename": "Ice Heal", "jname": "\u3053\u304a\u308a\u306a\u304a\u3057", "cname": "\u89e3\u51bb\u836f"}, {"ename": "Awakening", "jname": "\u306d\u3080\u3051\u3056\u307e\u3057", "cname": "\u89e3\u7720\u836f"}, {"ename": "Parlyz Heal", "jname": "\u307e\u3072\u306a\u304a\u3057", "cname": "\u89e3\u9ebb\u836f"}, {"ename": "Full Restore", "jname": "\u304b\u3044\u3075\u304f\u306e\u304f\u3059\u308a", "cname": "\u56de\u590d\u836f\u6c34"}, {"ename": "Max Potion", "jname": "\u307e\u3093\u305f\u3093\u306e\u304f\u3059\u308a", "cname": "\u5168\u6ee1\u836f\u6c34"}, {"ename": "Hyper Potion", "jname": "\u3059\u3054\u3044\u30ad\u30ba\u3050\u3059\u308a", "cname": "\u8d85\u9ad8\u7ea7\u836f\u6c34"}, {"ename": "Super Potion", "jname": "\u3044\u3044\u30ad\u30ba\u3050\u3059\u308a", "cname": "\u8d85\u7ea7\u836f\u6c34"}, {"ename": "Full Heal", "jname": "\u306a\u3093\u3067\u3082\u306a\u304a\u3057", "cname": "\u4e07\u80fd\u836f"}, {"ename": "Revive", "jname": "\u3052\u3093\u304d\u306e\u304b\u3051\u3089", "cname": "\u66f4\u751f\u5242"}, {"ename": "Max Revive", "jname": "\u3052\u3093\u304d\u306e\u304b\u305f\u307e\u308a", "cname": "\u7279\u7ea7\u66f4\u751f\u5242"}, {"ename": "Fresh Water", "jname": "\u304a\u3044\u3057\u3044\u307f\u305a", "cname": "\u7f8e\u5473\u4e4b\u6c34"}, {"ename": "Soda Pop", "jname": "\u30b5\u30a4\u30b3\u30bd\u30fc\u30c0", "cname": "\u585e\u53ef\u6c7d\u6c34"}, {"ename": "Lemonade", "jname": "\u30df\u30c3\u30af\u30b9\u30aa\u30ec", "cname": "\u7efc\u5408\u8c03\u5473\u4e73"}, {"ename": "Ether", "jname": "\u30d4\u30fc\u30d4\u30fc\u30a8\u30a4\u30c9", "cname": "PP\u5c0f\u8865\u5242"}, {"ename": "Max Ether", "jname": "\u30d4\u30fc\u30d4\u30fc\u30ea\u30ab\u30d0\u30fc", "cname": "PP\u5355\u8865\u5242"}, {"ename": "Elixir", "jname": "\u30d4\u30fc\u30d4\u30fc\u30a8\u30a4\u30c0\u30fc", "cname": "PP\u5927\u8865\u5242"}, {"ename": "Max Elixir", "jname": "\u30d4\u30fc\u30d4\u30fc\u30de\u30c3\u30af\u30b9", "cname": "PP\u5168\u8865\u5242"}, {"ename": "Moomoo Milk", "jname": "\u30e2\u30fc\u30e2\u30fc\u30df\u30eb\u30af", "cname": "\u6469\u6469\u725b\u5976"}, {"ename": "EnergyPowder", "jname": "\u3061\u304b\u3089\u306e\u3053\u306a", "cname": "\u5143\u6c14\u4e4b\u7c89"}, {"ename": "Energy Root", "jname": "\u3061\u304b\u3089\u306e\u306d\u3063\u3053", "cname": "\u5143\u6c14\u4e4b\u6839"}, {"ename": "Heal Powder", "jname": "\u3070\u3093\u306e\u3046\u3054\u306a", "cname": "\u4e07\u80fd\u4e4b\u7c89"}, {"ename": "Revival Herb", "jname": "\u3075\u3063\u304b\u3064\u305d\u3046", "cname": "\u590d\u6d3b\u4e4b\u8349"}, {"ename": "Sacred Ash", "jname": "\u305b\u3044\u306a\u308b\u306f\u3044", "cname": "\u5723\u7070"}, {"ename": "RageCandyBar", "jname": "\u3044\u304b\u308a\u307e\u3093\u3058\u3085\u3046", "cname": "\u61a4\u6012\u9945\u982d"}, {"ename": "Lava Cookie", "jname": "\u30d5\u30a8\u30f3\u305b\u3093\u3079\u3044", "cname": "\u91dc\u708e\u4ed9\u8d1d"}, {"ename": "Berry Juice", "jname": "\u304d\u306e\u307f\u30b8\u30e5\u30fc\u30b9", "cname": "\u6811\u679c\u6c41"}, {"ename": "HP Up", "jname": "\u30de\u30c3\u30af\u30b9\u30a2\u30c3\u30d7", "cname": "HP\u63d0\u5347\u5242"}, {"ename": "Protein", "jname": "\u30bf\u30a6\u30ea\u30f3", "cname": "\u653b\u51fb\u725b\u78fa\u5242"}, {"ename": "Iron", "jname": "\u30d6\u30ed\u30e0\u30d8\u30ad\u30b7\u30f3", "cname": "\u9632\u5fa1\u63d0\u5347\u5242"}, {"ename": "Carbos", "jname": "\u30a4\u30f3\u30c9\u30e1\u30bf\u30b7\u30f3", "cname": "\u6548\u679c\u9632\u62a4\u5242"}, {"ename": "Calcium", "jname": "\u30ea\u30be\u30c1\u30a6\u30e0", "cname": "\u7279\u653b\u589e\u52a0\u5242"}, {"ename": "Rare Candy", "jname": "\u3075\u3057\u304e\u306a\u30a2\u30e1", "cname": "\u795e\u5947\u7cd6\u679c"}, {"ename": "PP Up", "jname": "\u30dd\u30a4\u30f3\u30c8\u30a2\u30c3\u30d7", "cname": "PP\u63d0\u5347\u5242"}, {"ename": "Zinc", "jname": "\u30ad\u30c8\u30b5\u30f3", "cname": "\u7279\u9632\u7532\u58f3\u5242"}, {"ename": "PP Max", "jname": "\u30dd\u30a4\u30f3\u30c8\u30de\u30c3\u30af\u30b9", "cname": "PP\u589e\u52a0\u5242"}, {"ename": "Sweet Heart", "jname": "\u30cf\u30fc\u30c8\u30b9\u30a4\u30fc\u30c4", "cname": "\u5fc3\u5f62\u751c\u54c1"}, {"ename": "Health Wing", "jname": "\u305f\u3044\u308a\u3087\u304f\u306e\u30cf\u30cd", "cname": "\u9ad4\u529b\u4e4b\u7fbd"}, {"ename": "Muscle Wing", "jname": "\u304d\u3093\u308a\u3087\u304f\u306e\u30cf\u30cd", "cname": "\u808c\u529b\u4e4b\u7fbd"}, {"ename": "Resist Wing", "jname": "\u3066\u3044\u3053\u3046\u306e\u30cf\u30cd", "cname": "\u62b5\u6297\u4e4b\u7fbd"}, {"ename": "Genius Wing", "jname": "\u3061\u308a\u3087\u304f\u306e\u30cf\u30cd", "cname": "\u667a\u529b\u4e4b\u7fbd"}, {"ename": "Clever Wing", "jname": "\u305b\u3044\u3057\u3093\u306e\u30cf\u30cd", "cname": "\u7cbe\u795e\u4e4b\u7fbd"}, {"ename": "Swift Wing", "jname": "\u3057\u3085\u3093\u3071\u3064\u306e\u30cf\u30cd", "cname": "\u77ac\u767c\u4e4b\u7fbd"}, {"ename": "Old Gateau", "jname": "\u3082\u308a\u306e\u30e8\u30a6\u30ab\u30f3", "cname": "\u68ee\u4e4b\u7f8a\u7fb9"}, {"ename": "Casteliacone", "jname": "\u30d2\u30a6\u30f3\u30a2\u30a4\u30b9", "cname": "\u98db\u96f2\u51b0\u6dc7\u6dcb"}, {"ename": "Lumiose Galette", "jname": "\u30df\u30a2\u30ec\u30ac\u30ec\u30c3\u30c8", "cname": "\u7c73\u4e9a\u96f7\u8106\u997c"}, {"ename": "Pok\u00e9 Ball", "jname": "\u30e2\u30f3\u30b9\u30bf\u30fc\u30dc\u30fc\u30eb", "cname": "\u795e\u5947\u5b9d\u8d1d\u7403"}, {"ename": "Great Ball", "jname": "\u30b9\u30fc\u30d1\u30fc\u30dc\u30fc\u30eb", "cname": "\u8d85\u7ea7\u7403"}, {"ename": "Ultra Ball", "jname": "\u30cf\u30a4\u30d1\u30fc\u30dc\u30fc\u30eb", "cname": "\u9ad8\u7ea7\u7403"}, {"ename": "Master Ball", "jname": "\u30de\u30b9\u30bf\u30fc\u30dc\u30fc\u30eb", "cname": "\u638c\u95e8\u7403"}, {"ename": "Safari Ball", "jname": "\u30b5\u30d5\u30a1\u30ea\u30dc\u30fc\u30eb", "cname": "\u72e9\u730e\u7403"}, {"ename": "Heavy Ball", "jname": "\u30d8\u30d3\u30fc\u30dc\u30fc\u30eb", "cname": "\u91cd\u91cf\u7403"}, {"ename": "Level Ball", "jname": "\u30ec\u30d9\u30eb\u30dc\u30fc\u30eb", "cname": "\u7b49\u7ea7\u7403"}, {"ename": "Lure Ball", "jname": "\u30eb\u30a2\u30fc\u30dc\u30fc\u30eb", "cname": "\u8bf1\u9975\u7403"}, {"ename": "Fast Ball", "jname": "\u30b9\u30d4\u30fc\u30c9\u30dc\u30fc\u30eb", "cname": "\u901f\u5ea6\u7403"}, {"ename": "Friend Ball", "jname": "\u30d5\u30ec\u30f3\u30c9\u30dc\u30fc\u30eb", "cname": "\u53cb\u53cb\u7403"}, {"ename": "Moon Ball", "jname": "\u30e0\u30fc\u30f3\u30dc\u30fc\u30eb", "cname": "\u6708\u4eae\u7403"}, {"ename": "Love Ball", "jname": "\u30e9\u30d6\u30e9\u30d6\u30dc\u30fc\u30eb", "cname": "\u7231\u5fc3\u7403"}, {"ename": "Sport Ball", "jname": "\u30b3\u30f3\u30da\u30dc\u30fc\u30eb", "cname": "\u7ade\u8d5b\u7403"}, {"ename": "Net Ball", "jname": "\u30cd\u30c3\u30c8\u30dc\u30fc\u30eb", "cname": "\u7f51\u7eb9\u7403"}, {"ename": "Dive Ball", "jname": "\u30c0\u30a4\u30d6\u30dc\u30fc\u30eb", "cname": "\u6f5c\u6c34\u7403"}, {"ename": "Nest Ball", "jname": "\u30cd\u30b9\u30c8\u30dc\u30fc\u30eb", "cname": "\u5de2\u7a74\u7403"}, {"ename": "Repeat Ball", "jname": "\u30ea\u30d4\u30fc\u30c8\u30dc\u30fc\u30eb", "cname": "\u91cd\u590d\u7403"}, {"ename": "Timer Ball", "jname": "\u30bf\u30a4\u30de\u30fc\u30dc\u30fc\u30eb", "cname": "\u8ba1\u65f6\u7403"}, {"ename": "Luxury Ball", "jname": "\u30b4\u30fc\u30b8\u30e3\u30b9\u30dc\u30fc\u30eb", "cname": "\u534e\u4e3d\u7403"}, {"ename": "Premier Ball", "jname": "\u30d7\u30ec\u30df\u30a2\u30dc\u30fc\u30eb", "cname": "\u9996\u5e2d\u7403"}, {"ename": "Heal Ball", "jname": "\u30d2\u30fc\u30eb\u30dc\u30fc\u30eb", "cname": "\u6cbb\u6108\u7403"}, {"ename": "Dusk Ball", "jname": "\u30c0\u30fc\u30af\u30dc\u30fc\u30eb", "cname": "\u9ed1\u6697\u7403"}, {"ename": "Quick Ball", "jname": "\u30af\u30a4\u30c3\u30af\u30dc\u30fc\u30eb", "cname": "\u8d85\u901f\u7403"}, {"ename": "Park Ball", "jname": "\u30d1\u30fc\u30af\u30dc\u30fc\u30eb", "cname": "\u516c\u56ed\u7403"}, {"ename": "Cherish Ball", "jname": "\u30d7\u30ec\u30b8\u30e3\u30b9\u30dc\u30fc\u30eb", "cname": "\u73cd\u8d35\u7403"}, {"ename": "Dream Ball", "jname": "\u30c9\u30ea\u30fc\u30e0\u30dc\u30fc\u30eb", "cname": "\u5922\u5883\u7403"}, {"ename": "TM", "jname": "\u308f\u3056\u30de\u30b7\u30f3", "cname": "\u6280\u80fd\u5b78\u7fd2\u5668"}, {"ename": "HM", "jname": "\u3072\u3067\u3093\u30de\u30b7\u30f3", "cname": "\u79d8\u50b3\u6280\u5b78\u7fd2\u5668"}, {"ename": "Gold Berry", "jname": "\u304a\u3046\u3054\u3093\u306e\u307f", "cname": "\u9ec3\u91d1\u679c"}, {"ename": "PRZCureBerry", "jname": "\u307e\u3072\u306a\u304a\u3057\u306e\u307f", "cname": "\u89e3\u9ebb\u679c"}, {"ename": "PSNCureBerry", "jname": "\u3069\u304f\u3051\u3057\u306e\u307f", "cname": "\u89e3\u6bd2\u679c"}, {"ename": "Bitter Berry", "jname": "\u306b\u304c\u3044\u304d\u306e\u307f", "cname": "\u82e6\u6c23\u679c"}, {"ename": "Burnt Berry", "jname": "\u3084\u3051\u305f\u304d\u306e\u307f", "cname": "\u707c\u50b7\u679c"}, {"ename": "Cheri Berry", "jname": "\u30af\u30e9\u30dc\u306e\u307f", "cname": "\u8fa3\u6afb"}, {"ename": "Chesto Berry", "jname": "\u30ab\u30b4\u306e\u307f", "cname": "\u6f80\u6817"}, {"ename": "Pecha Berry", "jname": "\u30e2\u30e2\u30f3\u306e\u307f", "cname": "\u751c\u6843"}, {"ename": "Rawst Berry", "jname": "\u30c1\u30fc\u30b4\u306e\u307f", "cname": "\u82e6\u8393"}, {"ename": "Aspear Berry", "jname": "\u30ca\u30ca\u30b7\u306e\u307f", "cname": "\u9178\u68a8"}, {"ename": "Leppa Berry", "jname": "\u30d2\u30e1\u30ea\u306e\u307f", "cname": "\u7d05\u860b"}, {"ename": "Oran Berry", "jname": "\u30aa\u30ec\u30f3\u306e\u307f", "cname": "\u85cd\u6a58"}, {"ename": "Persim Berry", "jname": "\u30ad\u30fc\u306e\u307f", "cname": "\u751c\u67ff"}, {"ename": "Lum Berry", "jname": "\u30e9\u30e0\u306e\u307f", "cname": "\u7da0\u59c6\u679c"}, {"ename": "Sitrus Berry", "jname": "\u30aa\u30dc\u30f3\u306e\u307f", "cname": "\u9999\u67da"}, {"ename": "Figy Berry", "jname": "\u30d5\u30a3\u30e9\u306e\u307f", "cname": "\u8fa3\u6930\u679c"}, {"ename": "Wiki Berry", "jname": "\u30a6\u30a4\u306e\u307f", "cname": "\u85cd\u7570\u5947\u679c"}, {"ename": "Mago Berry", "jname": "\u30de\u30b4\u306e\u307f", "cname": "\u7518\u8292"}, {"ename": "Aguav Berry", "jname": "\u30d0\u30f3\u30b8\u306e\u307f", "cname": "\u7da0\u6a02\u82ad"}, {"ename": "Iapapa Berry", "jname": "\u30a4\u30a2\u306e\u307f", "cname": "\u9178\u6728\u74dc"}, {"ename": "Razz Berry", "jname": "\u30ba\u30ea\u306e\u307f", "cname": "\u7d05\u8513\u8393"}, {"ename": "Bluk Berry", "jname": "\u30d6\u30ea\u30fc\u306e\u307f", "cname": "\u85cd\u8393"}, {"ename": "Nanab Berry", "jname": "\u30ca\u30ca\u306e\u307f", "cname": "\u7c89\u8549"}, {"ename": "Wepear Berry", "jname": "\u30bb\u30b7\u30ca\u306e\u307f", "cname": "\u9752\u68a8"}, {"ename": "Pinap Berry", "jname": "\u30d1\u30a4\u30eb\u306e\u307f", "cname": "\u9ec3\u65fa\u68a8"}, {"ename": "Pomeg Berry", "jname": "\u30b6\u30ed\u30af\u306e\u307f", "cname": "\u7d05\u69b4"}, {"ename": "Kelpsy Berry", "jname": "\u30cd\u30b3\u30d6\u306e\u307f", "cname": "\u85cd\u6839\u85fb\u679c"}, {"ename": "Qualot Berry", "jname": "\u30bf\u30dd\u30eb\u306e\u307f", "cname": "\u7c89\u6787\u6777"}, {"ename": "Hondew Berry", "jname": "\u30ed\u30e1\u306e\u307f", "cname": "\u9ec3\u6591\u871c\u74dc"}, {"ename": "Grepa Berry", "jname": "\u30a6\u30d6\u306e\u307f", "cname": "\u9ec3\u91d1\u8461"}, {"ename": "Tamato Berry", "jname": "\u30de\u30c8\u30de\u306e\u307f", "cname": "\u8fa3\u8304"}, {"ename": "Cornn Berry", "jname": "\u30e2\u30b3\u30b7\u306e\u307f", "cname": "\u7d2b\u9ecd"}, {"ename": "Magost Berry", "jname": "\u30b4\u30b9\u306e\u307f", "cname": "\u751c\u5c71\u7af9"}, {"ename": "Rabuta Berry", "jname": "\u30e9\u30d6\u30bf\u306e\u307f", "cname": "\u7da0\u6bdb\u4e39"}, {"ename": "Nomel Berry", "jname": "\u30ce\u30e1\u30eb\u306e\u307f", "cname": "\u9178\u6ab8"}, {"ename": "Spelon Berry", "jname": "\u30ce\u30ef\u30ad\u306e\u307f", "cname": "\u8fa3\u6a02\u5947"}, {"ename": "Pamtre Berry", "jname": "\u30b7\u30fc\u30e4\u306e\u307f", "cname": "\u7d2b\u6930"}, {"ename": "Watmel Berry", "jname": "\u30ab\u30a4\u30b9\u306e\u307f", "cname": "\u751c\u74dc"}, {"ename": "Durin Berry", "jname": "\u30c9\u30ea\u306e\u307f", "cname": "\u82e6\u7489"}, {"ename": "Belue Berry", "jname": "\u30d9\u30ea\u30d6\u306e\u307f", "cname": "\u975b\u8393"}, {"ename": "Liechi Berry", "jname": "\u30c1\u30a4\u30e9\u306e\u307f", "cname": "\u5947\u62c9\u679c"}, {"ename": "Ganlon Berry", "jname": "\u30ea\u30e5\u30ac\u306e\u307f", "cname": "\u9f8d\u4f73\u679c"}, {"ename": "Salac Berry", "jname": "\u30ab\u30e0\u30e9\u306e\u307f", "cname": "\u5929\u901f\u679c"}, {"ename": "Petaya Berry", "jname": "\u30e4\u30bf\u30d4\u306e\u307f", "cname": "\u7d05\u9f8d\u679c"}, {"ename": "Apicot Berry", "jname": "\u30ba\u30a2\u306e\u307f", "cname": "\u9752\u674f"}, {"ename": "Lansat Berry", "jname": "\u30b5\u30f3\u306e\u307f", "cname": "\u7d05\u967d"}, {"ename": "Starf Berry", "jname": "\u30b9\u30bf\u30fc\u306e\u307f", "cname": "\u7da0\u661f\u6843"}, {"ename": "Enigma Berry", "jname": "\u30ca\u30be\u306e\u307f", "cname": "\u8b0e\u4e4b\u679c"}, {"ename": "Occa Berry", "jname": "\u30aa\u30c3\u30ab\u306e\u307f", "cname": "\u6b50\u53ef\u679c"}, {"ename": "Passho Berry", "jname": "\u30a4\u30c8\u30b1\u306e\u307f", "cname": "\u9999\u767e\u679c"}, {"ename": "Wacan Berry", "jname": "\u30bd\u30af\u30ce\u306e\u307f", "cname": "\u71ed\u6728\u679c"}, {"ename": "Rindo Berry", "jname": "\u30ea\u30f3\u30c9\u306e\u307f", "cname": "\u82e6\u8c46"}, {"ename": "Yache Berry", "jname": "\u30e4\u30c1\u30a7\u306e\u307f", "cname": "\u51b0\u8fe6\u679c"}, {"ename": "Chople Berry", "jname": "\u30e8\u30d7\u306e\u307f", "cname": "\u9ebb\u9727\u679c"}, {"ename": "Kebia Berry", "jname": "\u30d3\u30a2\u30fc\u306e\u307f", "cname": "\u901a\u6728\u679c"}, {"ename": "Shuca Berry", "jname": "\u30b7\u30e5\u30ab\u306e\u307f", "cname": "\u871c\u8170\u679c"}, {"ename": "Coba Berry", "jname": "\u30d0\u30b3\u30a6\u306e\u307f", "cname": "\u98a8\u74dc"}, {"ename": "Payapa Berry", "jname": "\u30a6\u30bf\u30f3\u306e\u307f", "cname": "\u7cd6\u846b\u679c"}, {"ename": "Tanga Berry", "jname": "\u30bf\u30f3\u30ac\u306e\u307f", "cname": "\u85e4\u6afb\u679c"}, {"ename": "Charti Berry", "jname": "\u30e8\u30ed\u30ae\u306e\u307f", "cname": "\u77f3\u8836\u679c"}, {"ename": "Kasib Berry", "jname": "\u30ab\u30b7\u30d6\u306e\u307f", "cname": "\u4f5b\u624b\u679c"}, {"ename": "Haban Berry", "jname": "\u30cf\u30d0\u30f3\u306e\u307f", "cname": "\u756a\u69b4"}, {"ename": "Colbur Berry", "jname": "\u30ca\u30e2\u306e\u307f", "cname": "\u523a\u7403\u679c"}, {"ename": "Babiri Berry", "jname": "\u30ea\u30ea\u30d0\u306e\u307f", "cname": "\u9739\u9742\u679c"}, {"ename": "Chilan Berry", "jname": "\u30db\u30ba\u306e\u307f", "cname": "\u71c8\u7c60\u679c"}, {"ename": "Micle Berry", "jname": "\u30df\u30af\u30eb\u306e\u307f", "cname": "\u795e\u79d8\u679c"}, {"ename": "Custap Berry", "jname": "\u30a4\u30d0\u30f3\u306e\u307f", "cname": "\u8d64\u8fe6\u679c"}, {"ename": "Jaboca Berry", "jname": "\u30b8\u30e3\u30dd\u306e\u307f", "cname": "\u5609\u5bf6\u679c"}, {"ename": "Rowap Berry", "jname": "\u30ec\u30f3\u30d6\u306e\u307f", "cname": "\u84ee\u9727\u679c"}, {"ename": "Flower Mail", "jname": "\u306f\u306a\u304c\u3089\u30e1\u30fc\u30eb", "cname": "\u82b1\u6848\u90ae\u4ef6"}, {"ename": "Surf Mail", "jname": "\u306a\u307f\u306e\u308a\u30e1\u30fc\u30eb", "cname": "\u885d\u6d6a\u90f5\u4ef6"}, {"ename": "Bubble Mail", "jname": "\u307f\u305a\u3044\u308d\u30e1\u30fc\u30eb", "cname": "\u6d77\u6d0b\u90ae\u4ef6"}, {"ename": "PortraitMail", "jname": "\u306b\u304c\u304a\u3048\u30e1\u30fc\u30eb", "cname": "\u8096\u50cf\u90ae\u4ef6"}, {"ename": "Lovely Mail", "jname": "\u30e9\u30d6\u30ea\u30fc\u30e1\u30fc\u30eb", "cname": "\u53ef\u611b\u90f5\u4ef6"}, {"ename": "Eon Mail", "jname": "\u30d6\u30a4\u30d6\u30a4\u30e1\u30fc\u30eb", "cname": "\u4f0a\u5e03\u90ae\u4ef6"}, {"ename": "Morph Mail", "jname": "\u3078\u3093\u3057\u3093\u30e1\u30fc\u30eb", "cname": "\u8b8a\u795e\u90f5\u4ef6"}, {"ename": "Bluesky Mail", "jname": "\u3042\u304a\u305e\u3089\u30e1\u30fc\u30eb", "cname": "\u85cd\u5929\u90ae\u4ef6"}, {"ename": "Music Mail", "jname": "\u304a\u3093\u3077\u30e1\u30fc\u30eb", "cname": "\u97f3\u7b26\u90ae\u4ef6"}, {"ename": "Mirage Mail", "jname": "\u307e\u307c\u308d\u3057\u30e1\u30fc\u30eb", "cname": "\u5922\u5e7b\u90f5\u4ef6"}, {"ename": "Mosaic Mail", "jname": "\u30e2\u30b6\u30a4\u30af\u30e1\u30fc\u30eb", "cname": "\u9576\u5d4c\u90ae\u4ef6"}, {"ename": "Harbor Mail", "jname": "\u30aa\u30ec\u30f3\u30b8\u30e1\u30fc\u30eb", "cname": "\u6a59\u8272\u90f5\u4ef6"}, {"ename": "Surf Mail", "jname": "\u30cf\u30fc\u30d0\u30fc\u30e1\u30fc\u30eb", "cname": "\u6e2f\u53e3\u90f5\u4ef6"}, {"ename": "Glitter Mail", "jname": "\u30ad\u30e9\u30ad\u30e9\u30e1\u30fc\u30eb", "cname": "\u9583\u4eae\u90f5\u4ef6"}, {"ename": "Mech Mail", "jname": "\u30e1\u30ab\u30cb\u30ab\u30eb\u30e1\u30fc\u30eb", "cname": "\u6a5f\u68b0\u90f5\u4ef6"}, {"ename": "Wood Mail", "jname": "\u30a6\u30c3\u30c7\u30a3\u30e1\u30fc\u30eb", "cname": "\u6728\u7d0b\u90f5\u4ef6"}, {"ename": "Wave Mail", "jname": "\u30af\u30ed\u30b9\u30e1\u30fc\u30eb", "cname": "\u6ce2\u6fe4\u90f5\u4ef6"}, {"ename": "Bead Mail", "jname": "\u30c8\u30ec\u30b8\u30e3\u30fc\u30e1\u30fc\u30eb", "cname": "\u73e0\u5bf6\u90f5\u4ef6"}, {"ename": "Shadow Mail", "jname": "\u30b7\u30e3\u30c9\u30fc\u30e1\u30fc\u30eb", "cname": "\u5f71\u5b50\u90f5\u4ef6"}, {"ename": "Tropical Mail", "jname": "\u30c8\u30ed\u30d4\u30ab\u30eb\u30e1\u30fc\u30eb", "cname": "\u71b1\u5e36\u90f5\u4ef6"}, {"ename": "Dream Mail", "jname": "\u30c9\u30ea\u30fc\u30e0\u30e1\u30fc\u30eb", "cname": "\u5922\u5883\u90f5\u4ef6"}, {"ename": "Miracle Mail", "jname": "\u30df\u30e9\u30af\u30eb\u30e1\u30fc\u30eb", "cname": "\u5947\u8e5f\u90f5\u4ef6"}, {"ename": "Retro Mail", "jname": "\u30ec\u30c8\u30ed\u30e1\u30fc\u30eb", "cname": "\u5fa9\u53e4\u90f5\u4ef6"}, {"ename": "Grass Mail", "jname": "\u30b0\u30e9\u30b9\u30e1\u30fc\u30eb", "cname": "\u9752\u8349\u90ae\u4ef6"}, {"ename": "Flame Mail", "jname": "\u30d5\u30ec\u30a4\u30e0\u30e1\u30fc\u30eb", "cname": "\u706b\u7130\u90ae\u4ef6"}, {"ename": "Bubble Mail", "jname": "\u30d6\u30eb\u30fc\u30e1\u30fc\u30eb", "cname": "\u6ce1\u6ce1\u90ae\u4ef6"}, {"ename": "Bloom Mail", "jname": "\u30d6\u30eb\u30fc\u30e0\u30e1\u30fc\u30eb", "cname": "\u7efd\u653e\u90ae\u4ef6"}, {"ename": "Tunnel Mail", "jname": "\u30c8\u30f3\u30cd\u30eb\u30e1\u30fc\u30eb", "cname": "\u96a7\u9053\u90ae\u4ef6"}, {"ename": "Steel Mail", "jname": "\u30b9\u30c1\u30fc\u30eb\u30e1\u30fc\u30eb", "cname": "\u94a2\u94c1\u90ae\u4ef6"}, {"ename": "Heart Mail", "jname": "\u30e9\u30d6\u30e9\u30d6\u30e1\u30fc\u30eb", "cname": "\u5fc3\u7075\u90ae\u4ef6"}, {"ename": "Snow Mail", "jname": "\u30d6\u30ea\u30b6\u30fc\u30c9\u30e1\u30fc\u30eb", "cname": "\u96ea\u82b1\u90ae\u4ef6"}, {"ename": "Space Mail", "jname": "\u30b9\u30da\u30fc\u30b9\u30e1\u30fc\u30eb", "cname": "\u7a7a\u95f4\u90ae\u4ef6"}, {"ename": "Air Mail", "jname": "\u30a8\u30a2\u30e1\u30fc\u30eb", "cname": "\u5929\u7a7a\u90ae\u4ef6"}, {"ename": "Mosaic Mail", "jname": "\u30e2\u30b6\u30a4\u30af\u30e1\u30fc\u30eb", "cname": "\u9576\u5d4c\u90ae\u4ef6"}, {"ename": "Brick Mail", "jname": "\u30d6\u30ea\u30c3\u30af\u30e1\u30fc\u30eb", "cname": "\u7816\u5757\u90ae\u4ef6"}, {"ename": "Greet Mail", "jname": "\u306f\u3058\u3081\u3066\u30e1\u30fc\u30eb", "cname": "\u521d\u59cb\u90ae\u4ef6"}, {"ename": "Favored Mail", "jname": "\u3060\u3044\u3059\u304d\u30e1\u30fc\u30eb", "cname": "\u559c\u611b\u90f5\u4ef6"}, {"ename": "RSVP Mail", "jname": "\u304a\u3055\u305d\u3044\u30e1\u30fc\u30eb", "cname": "\u9080\u8acb\u90f5\u4ef6"}, {"ename": "Thanks Mail", "jname": "\u304b\u3093\u3057\u3083\u30e1\u30fc\u30eb", "cname": "\u611f\u8b1d\u90f5\u4ef6"}, {"ename": "Inquiry Mail", "jname": "\u3057\u3064\u3082\u3093\u30e1\u30fc\u30eb", "cname": "\u8cea\u554f\u90f5\u4ef6"}, {"ename": "Like Mail", "jname": "\u304a\u3059\u3059\u3081\u30e1\u30fc\u30eb", "cname": "\u63a8\u85a6\u90f5\u4ef6"}, {"ename": "Reply Mail", "jname": "\u304a\u304b\u3048\u3057\u30e1\u30fc\u30eb", "cname": "\u56de\u5fa9\u90f5\u4ef6"}, {"ename": "Bridge Mail S", "jname": "\u30d6\u30ea\u30c3\u30b8\u30e1\u30fc\u30eb\uff33", "cname": "\u6a4b\u6a11\u90f5\u4ef6T"}, {"ename": "Bridge Mail D", "jname": "\u30d6\u30ea\u30c3\u30b8\u30e1\u30fc\u30eb\uff28", "cname": "\u6a4b\u6a11\u90f5\u4ef6F"}, {"ename": "Bridge Mail T", "jname": "\u30d6\u30ea\u30c3\u30b8\u30e1\u30fc\u30eb\uff23", "cname": "\u6a4b\u6a11\u90f5\u4ef6Y"}, {"ename": "Bridge Mail V", "jname": "\u30d6\u30ea\u30c3\u30b8\u30e1\u30fc\u30eb\uff36", "cname": "\u6a4b\u6a11\u90f5\u4ef6C"}, {"ename": "Bridge Mail M", "jname": "\u30d6\u30ea\u30c3\u30b8\u30e1\u30fc\u30eb\uff37", "cname": "\u6a4b\u6a11\u90f5\u4ef6Q"}, {"ename": "Guard Spec.", "jname": "\u30a8\u30d5\u30a7\u30af\u30c8\u30ac\u30fc\u30c9", "cname": "\u9632\u5fa1\u6548\u679c"}, {"ename": "Dire Hit", "jname": "\u30af\u30ea\u30c6\u30a3\u30ab\u30c3\u30bf\u30fc", "cname": "\u8981\u5bb3\u653b\u51fb"}, {"ename": "X Attack", "jname": "\u30d7\u30e9\u30b9\u30d1\u30ef\u30fc", "cname": "\u529b\u91cf\u589e\u5f3a"}, {"ename": "X Defend", "jname": "\u30c7\u30a3\u30d5\u30a7\u30f3\u30c0\u30fc", "cname": "\u4f24\u5bb3\u9884\u9632"}, {"ename": "X Speed", "jname": "\u30b9\u30d4\u30fc\u30c0\u30fc", "cname": "\u901f\u5ea6\u589e\u52a0"}, {"ename": "X Accuracy", "jname": "\u30e8\u30af\u30a2\u30bf\u30fc\u30eb", "cname": "\u547d\u4e2d\u52a0\u5f3a"}, {"ename": "X Special", "jname": "\u30b9\u30da\u30b7\u30e3\u30eb\u30a2\u30c3\u30d7", "cname": "\u7279\u6b8a\u589e\u5f3a"}, {"ename": "X Sp. Def", "jname": "\u30b9\u30da\u30b7\u30e3\u30eb\u30ac\u30fc\u30c9", "cname": "\u7279\u9632\u5f3a\u5316"}, {"ename": "Pok\u00e9 Doll", "jname": "\u30d4\u30c3\u30d4\u306b\u3093\u304e\u3087\u3046", "cname": "\u76ae\u76ae\u73a9\u5076"}, {"ename": "Fluffy Tail", "jname": "\u30a8\u30cd\u30b3\u306e\u30b7\u30c3\u30dd", "cname": "\u5411\u5c3e\u55b5\u7684\u5c3e\u5df4"}, {"ename": "Blue Flute", "jname": "\u3042\u304a\u3044\u30d3\u30fc\u30c9\u30ed", "cname": "\u84dd\u8272\u54e8\u5b50"}, {"ename": "Yellow Flute", "jname": "\u304d\u3044\u308d\u30d3\u30fc\u30c9\u30ed", "cname": "\u9ec4\u8272\u54e8\u5b50"}, {"ename": "Red Flute", "jname": "\u3042\u304b\u3044\u30d3\u30fc\u30c9\u30ed", "cname": "\u7ea2\u8272\u54e8\u5b50"}, {"ename": "Pok\u00e9 Toy", "jname": "\u30dd\u30b1\u3058\u3083\u3089\u3057", "cname": "\u795e\u5947\u5bf6\u8c9d\u73a9\u5177"}, {"ename": "Ability Urge", "jname": "\u30b9\u30ad\u30eb\u30b3\u30fc\u30eb", "cname": "\u7279\u6027\u547c\u559a"}, {"ename": "Item Drop", "jname": "\u30a2\u30a4\u30c6\u30e0\u30c9\u30ed\u30c3\u30d7", "cname": "\u653e\u4e0b\u9053\u5177"}, {"ename": "Item Urge", "jname": "\u30a2\u30a4\u30c6\u30e0\u30b3\u30fc\u30eb", "cname": "\u9053\u5177\u547c\u559a"}, {"ename": "Reset Urge", "jname": "\u30d5\u30e9\u30c3\u30c8\u30b3\u30fc\u30eb", "cname": "\u5e73\u5be6\u547c\u559a"}, {"ename": "Coin Case", "jname": "\u30b3\u30a4\u30f3\u30b1\u30fc\u30b9", "cname": "\u4ee3\u5e01\u76d2"}, {"ename": "Dowsing MCHN", "jname": "\u30c0\u30a6\u30b8\u30f3\u30b0\u30de\u30b7\u30f3", "cname": "\u63a2\u5b9d\u5668"}, {"ename": "Old Rod", "jname": "\u30dc\u30ed\u306e\u3064\u308a\u3056\u304a", "cname": "\u7834\u70c2\u7684\u9493\u7aff"}, {"ename": "Good Rod", "jname": "\u3044\u3044\u3064\u308a\u3056\u304a", "cname": "\u4f18\u79c0\u9493\u7aff"}, {"ename": "Super Rod", "jname": "\u3059\u3054\u3044\u3064\u308a\u3056\u304a", "cname": "\u8d85\u5f3a\u9493\u7aff"}, {"ename": "S.S. Ticket", "jname": "\u3075\u306d\u306e\u30c1\u30b1\u30c3\u30c8", "cname": "\u8239\u7968"}, {"ename": "Oak's Parcel", "jname": "\u304a\u3068\u3069\u3051\u3082\u306e", "cname": "\u6258\u4ed8\u7269\u54c1"}, {"ename": "Pok\u00e9 Flute", "jname": "\u30dd\u30b1\u30e2\u30f3\u306e\u3075\u3048", "cname": "\u795e\u5947\u5b9d\u8d1d\u4e4b\u7b1b"}, {"ename": "Secret Key", "jname": "\u3072\u307f\u3064\u306e\u30ab\u30ae", "cname": "\u79d8\u5bc6\u94a5\u5319"}, {"ename": "Coupons", "jname": "\u3072\u304d\u304b\u3048\u3051\u3093", "cname": "\u793c\u5238"}, {"ename": "Gold Teeth", "jname": "\u304d\u3093\u306e\u3044\u308c\u3070", "cname": "\u91d1\u5b50\u505a\u7684\u5047\u7259"}, {"ename": "Card Key", "jname": "\u30ab\u30fc\u30c9\u30ad\u30fc", "cname": "\u5361\u7247\u94a5\u5319"}, {"ename": "Lift Key", "jname": "\u30a8\u30ec\u30d9\u30fc\u30bf\u306e\u30ab\u30ae", "cname": "\u96fb\u68af\u9470\u5319"}, {"ename": "Silph Scope", "jname": "\u30b7\u30eb\u30d5\u30b9\u30b3\u30fc\u30d7", "cname": "\u5e7b\u5f71\u900f\u8996\u93e1"}, {"ename": "Bicycle", "jname": "\u3058\u3066\u3093\u3057\u3083", "cname": "\u81ea\u884c\u8eca"}, {"ename": "Town Map", "jname": "\u30bf\u30a6\u30f3\u30de\u30c3\u30d7", "cname": "\u57ce\u93ae\u5730\u5716"}, {"ename": "GS Ball", "jname": "\u30b8\u30fc\u30a8\u30b9\u30dc\u30fc\u30eb", "cname": "GS\u7403"}, {"ename": "Egg Ticket", "jname": "\u30bf\u30de\u30b4\u3051\u3093", "cname": "\u86cb\u5238"}, {"ename": "Clear Bell", "jname": "\u3068\u3046\u3081\u3044\u306a\u30b9\u30ba", "cname": "\u900f\u660e\u94c3\u94db"}, {"ename": "Itemfinder", "jname": "\u30d6\u30eb\u30fc\u30ab\u30fc\u30c9", "cname": "\u84dd\u5361"}, {"ename": "Squirtbottle", "jname": "\u30bc\u30cb\u30ac\u30e1\u3058\u3087\u3046\u308d", "cname": "\u5361\u54aa\u9f9c\u5674\u58fa"}, {"ename": "Red Scale", "jname": "\u3042\u304b\u3044\u30a6\u30ed\u30b3", "cname": "\u7d05\u8272\u9c57\u7247"}, {"ename": "Lost Item", "jname": "\u304a\u3068\u3057\u3082\u306e", "cname": "\u5931\u7269"}, {"ename": "Pass", "jname": "\u30ea\u30cb\u30a2\u30d1\u30b9", "cname": "\u78c1\u6d6e\u901a"}, {"ename": "Machine Part", "jname": "\u304d\u304b\u3044\u306e\u3076\u3072\u3093", "cname": "\u673a\u5668\u96f6\u4ef6"}, {"ename": "Silver Wing", "jname": "\u304e\u3093\u3044\u308d\u306e\u306f\u306d\u30ab", "cname": "\u9280\u8272\u7684\u7fbd\u6bdb"}, {"ename": "Rainbow Wing", "jname": "\u306b\u3058\u3044\u308d\u306e\u306f\u306d", "cname": "\u5f69\u8679\u8272\u7684\u7fbd\u6bdb"}, {"ename": "Mystery Egg", "jname": "\u3075\u3057\u304e\u306a\u30bf\u30de\u30b4", "cname": "\u4e0d\u53ef\u601d\u8b70\u7684\u86cb"}, {"ename": "SecretPotion", "jname": "\u3072\u3067\u3093\u306e\u304f\u3059\u308a", "cname": "\u79d8\u50b3\u7279\u6548\u85e5"}, {"ename": "Mach Bike", "jname": "\u30de\u30c3\u30cf\u3058\u3066\u3093\u3057\u3083", "cname": "\u9a6c\u8d6b\u81ea\u884c\u8f66"}, {"ename": "Contest Pass", "jname": "\u30b3\u30f3\u30c6\u30b9\u30c8\u30d1\u30b9", "cname": "\u83ef\u9e97\u5927\u8cfd\u901a\u884c\u8b49"}, {"ename": "Wailmer Pail", "jname": "\u30db\u30a8\u30eb\u30b3\u3058\u3087\u3046\u308d", "cname": "\u543c\u543c\u9cb8\u6d47\u82b1\u5668"}, {"ename": "Devon Goods", "jname": "\u30c7\u30dc\u30f3\u306e\u306b\u3082\u3064", "cname": "\u5f97\u6587\u516c\u53f8\u7684\u8d27\u7269"}, {"ename": "Soot Sack", "jname": "\u306f\u3044\u3076\u304f\u308d", "cname": "\u96c6\u7070\u888b"}, {"ename": "Basement Key", "jname": "\u3061\u304b\u306e\u30ab\u30ae", "cname": "\u5730\u4e0b\u7684\u94a5\u5319"}, {"ename": "Acro Bike", "jname": "\u30c0\u30fc\u30c8\u3058\u3066\u3093\u3057\u3083", "cname": "\u98de\u8dc3\u81ea\u884c\u8f66"}, {"ename": "Pok\u00e9block Case", "jname": "\u30dd\u30ed\u30c3\u30af\u30b1\u30fc\u30b9", "cname": "\u80fd\u91cf\u65b9\u584a\u76d2"}, {"ename": "Letter", "jname": "\u30c0\u30a4\u30b4\u3078\u306e\u3066\u304c\u307f", "cname": "\u7d66\u5927\u543e\u7684\u4fe1"}, {"ename": "Eon Ticket", "jname": "\u3080\u3052\u3093\u306e\u30c1\u30b1\u30c3\u30c8", "cname": "\u7121\u9650\u8239\u7968"}, {"ename": "Red Orb", "jname": "\u3079\u306b\u3044\u308d\u306e\u305f\u307e", "cname": "\u7ea2\u8272\u5b9d\u73e0"}, {"ename": "Blue Orb", "jname": "\u3042\u3044\u3044\u308d\u306e\u305f\u307e", "cname": "\u84dd\u8272\u5b9d\u73e0"}, {"ename": "Scanner", "jname": "\u305f\u3093\u3061\u304d", "cname": "\u63a2\u6d4b\u5668"}, {"ename": "Go-Goggles", "jname": "\u30b4\u30fc\u30b4\u30fc\u30b4\u30fc\u30b0\u30eb", "cname": "\u6c99\u5c18\u62a4\u76ee\u955c"}, {"ename": "Meteorite", "jname": "\u3044\u3093\u305b\u304d", "cname": "\u9695\u77f3"}, {"ename": "Rm. 1 Key", "jname": "\uff11\u3054\u3046\u3057\u3064\u306e\u30ab\u30ae", "cname": "1\u53f7\u5ba2\u623f\u7684\u94a5\u5319"}, {"ename": "Rm. 2 Key", "jname": "\uff12\u3054\u3046\u3057\u3064\u306e\u30ab\u30ae", "cname": "2\u53f7\u5ba2\u623f\u7684\u94a5\u5319"}, {"ename": "Rm. 4 Key", "jname": "\uff14\u3054\u3046\u3057\u3064\u306e\u30ab\u30ae", "cname": "4\u53f7\u5ba2\u623f\u7684\u94a5\u5319"}, {"ename": "Rm. 6 Key", "jname": "\uff16\u3054\u3046\u3057\u3064\u306e\u30ab\u30ae", "cname": "6\u53f7\u5ba2\u623f\u7684\u94a5\u5319"}, {"ename": "Storage Key", "jname": "\u305d\u3046\u3053\u306e\u30ab\u30ae", "cname": "\u4ed3\u5e93\u7684\u94a5\u5319"}, {"ename": "Devon Scope", "jname": "\u30c7\u30dc\u30f3\u30b9\u30b3\u30fc\u30d7", "cname": "\u5f97\u6587\u4fa6\u6d4b\u671b\u8fdc\u955c"}, {"ename": "Vs. Seeker", "jname": "\u30d0\u30c8\u30eb\u30b5\u30fc\u30c1\u30e3\u30fc", "cname": "\u6218\u6597\u63a2\u6d4b\u5668"}, {"ename": "Fame Checker", "jname": "\u30dc\u30a4\u30b9\u30c1\u30a7\u30c3\u30ab\u30fc", "cname": "\u8a9e\u97f3\u6aa2\u6e2c\u5100"}, {"ename": "TM Case", "jname": "\u308f\u3056\u30de\u30b7\u30f3\u30b1\u30fc\u30b9", "cname": "\u6280\u80fd\u5b78\u7fd2\u5668\u76d2"}, {"ename": "Berry Pouch", "jname": "\u304d\u306e\u307f\u3076\u304f\u308d", "cname": "\u679c\u5be6\u888b"}, {"ename": "Teachy TV", "jname": "\u304a\u3057\u3048\u30c6\u30ec\u30d3", "cname": "\u6559\u5b78\u96fb\u8996"}, {"ename": "Tri-Pass", "jname": "\u30c8\u30e9\u30a4\u30d1\u30b9", "cname": "\u901a\u884c\u8239\u7968"}, {"ename": "Rainbow Pass", "jname": "\u30ec\u30a4\u30f3\u30dc\u30fc\u30d1\u30b9", "cname": "\u5f69\u8679\u901a\u884c\u5238"}, {"ename": "Tea", "jname": "\u304a\u3061\u3083", "cname": "\u8336"}, {"ename": "MysticTicket", "jname": "\u3057\u3093\u3074\u306e\u30c1\u30b1\u30c3\u30c8", "cname": "\u795e\u79d8\u8239\u7968"}, {"ename": "AuroraTicket", "jname": "\u30aa\u30fc\u30ed\u30e9\u30c1\u30b1\u30c3\u30c8", "cname": "\u6975\u5149\u8239\u7968"}, {"ename": "Powder Jar", "jname": "\u3053\u306a\u3044\u308c", "cname": "\u7c89\u672b\u6536\u96c6\u74f6"}, {"ename": "Ruby", "jname": "\u30eb\u30d3\u30fc", "cname": "\u7d05\u5bf6\u77f3"}, {"ename": "Sapphire", "jname": "\u30b5\u30d5\u30a1\u30a4\u30a2", "cname": "\u85cd\u5bf6\u77f3"}, {"ename": "Magma Emblem", "jname": "\u30de\u30b0\u30de\u306e\u3057\u308b\u3057", "cname": "\u706b\u5ca9\u6807\u5fd7"}, {"ename": "Old Sea Map", "jname": "\u3075\u308b\u3073\u305f\u304b\u3044\u305a", "cname": "\u9648\u65e7\u822a\u6d77\u56fe"}, {"ename": "Explorer Kit", "jname": "\u305f\u3093\u3051\u3093\u30bb\u30c3\u30c8", "cname": "\u63a2\u6aa2\u5305"}, {"ename": "Loot Sack", "jname": "\u305f\u304b\u3089\u3076\u304f\u308d", "cname": "\u5bf6\u85cf\u888b"}, {"ename": "Rule Book", "jname": "\u30eb\u30fc\u30eb\u30d6\u30c3\u30af", "cname": "\u898f\u5247\u66f8"}, {"ename": "Pok\u00e9 Radar", "jname": "\u30dd\u30b1\u30c8\u30ec", "cname": "\u795e\u5947\u8ffd\u8e64"}, {"ename": "Point Card", "jname": "\u30dd\u30a4\u30f3\u30c8\u30ab\u30fc\u30c9", "cname": "\u5f97\u9ede\u5361"}, {"ename": "Journal", "jname": "\u307c\u3046\u3051\u3093\u30ce\u30fc\u30c8", "cname": "\u5192\u96aa\u7b46\u8a18"}, {"ename": "Seal Case", "jname": "\u30b7\u30fc\u30eb\u3044\u308c", "cname": "\u8cbc\u7d19\u76d2"}, {"ename": "Fashion Case", "jname": "\u30a2\u30af\u30bb\u30b5\u30ea\u30fc\u3044\u308c", "cname": "\u98fe\u54c1\u76d2"}, {"ename": "Seal Bag", "jname": "\u30b7\u30fc\u30eb\u3076\u304f\u308d", "cname": "\u8cbc\u7d19\u888b"}, {"ename": "Pal Pad", "jname": "\u3068\u3082\u3060\u3061\u3066\u3061\u3087\u3046", "cname": "\u670b\u53cb\u7b46\u8a18"}, {"ename": "Works Key", "jname": "\u306f\u3064\u3067\u3093\u3057\u3087\u30ad\u30fc", "cname": "\u767c\u96fb\u5834\u9470\u5319"}, {"ename": "Old Charm", "jname": "\u3053\u3060\u3044\u306e\u304a\u307e\u3082\u308a", "cname": "\u53e4\u4ee3\u8b77\u8eab\u7b26"}, {"ename": "Journal", "jname": "\u30ae\u30f3\u30ac\u3060\u3093\u306e\u30ab\u30ae", "cname": "\u9280\u6cb3\u9470\u5319"}, {"ename": "Red Chain", "jname": "\u3042\u304b\u3044\u304f\u3055\u308a", "cname": "\u7d05\u9396\u934a"}, {"ename": "Sprayduck", "jname": "\u30b3\u30c0\u30c3\u30af\u3058\u3087\u3046\u308d", "cname": "\u53ef\u9054\u9d28\u5674\u58fa"}, {"ename": "Poffin Case", "jname": "\u30dd\u30d5\u30a3\u30f3\u30b1\u30fc\u30b9", "cname": "\u9eb5\u5bf6\u6536\u7d0d\u76d2"}, {"ename": "Suite Key", "jname": "\u30eb\u30fc\u30e0\u30ad\u30fc", "cname": "\u623f\u9593\u9470\u5319"}, {"ename": "Oak's Letter", "jname": "\u30aa\u30fc\u30ad\u30c9\u306e\u3066\u304c\u307f", "cname": "\u5927\u6728\u7684\u4fe1"}, {"ename": "Lunar Wing", "jname": "\u307f\u304b\u3065\u304d\u306e\u306f\u306d", "cname": "\u6708\u7259\u4e4b\u7fbd"}, {"ename": "Member Card", "jname": "\u30e1\u30f3\u30d0\u30fc\u30ba\u30ab\u30fc\u30c9", "cname": "\u6703\u54e1\u5361"}, {"ename": "Azure Flute", "jname": "\u3066\u3093\u304b\u3044\u306e\u3075\u3048", "cname": "\u5929\u754c\u4e4b\u7b1b"}, {"ename": "Magma Stone", "jname": "\u304b\u3056\u3093\u306e\u304a\u304d\u3044\u3057", "cname": "\u706b\u5c71\u93ae\u77f3"}, {"ename": "Coupon 1", "jname": "\u3072\u304d\u304b\u3048\u3051\u30931", "cname": "\u79ae\u52b51"}, {"ename": "Coupon 2", "jname": "\u3072\u304d\u304b\u3048\u3051\u30932", "cname": "\u79ae\u52b52"}, {"ename": "Coupon 3", "jname": "\u3072\u304d\u304b\u3048\u3051\u30933", "cname": "\u79ae\u52b53"}, {"ename": "Vs. Recorder", "jname": "\u30d0\u30c8\u30eb\u30ec\u30b3\u30fc\u30c0\u30fc", "cname": "\u5c0d\u6230\u651d\u9304\u6a5f"}, {"ename": "Gracidea", "jname": "\u30b0\u30e9\u30b7\u30c7\u30a2\u306e\u306f\u306a", "cname": "\u845b\u62c9\u897f\u8482\u4e9e\u82b1"}, {"ename": "Apricorn Box", "jname": "\u307c\u3093\u3050\u308a\u30b1\u30fc\u30b9", "cname": "\u5713\u67d1\u679c\u5be6\u76d2"}, {"ename": "Unown Report", "jname": "\u30a2\u30f3\u30ce\u30fc\u30f3\u30ce\u30fc\u30c8", "cname": "\u672a\u77e5\u5716\u9a30\u7b46\u8a18"}, {"ename": "Berry Pots", "jname": "\u304d\u306e\u307f\u30d7\u30e9\u30f3\u30bf\u30fc", "cname": "\u679c\u5be6\u64ad\u7a2e\u6a5f"}, {"ename": "Photo Album", "jname": "\u30d5\u30a9\u30c8\u30a2\u30eb\u30d0\u30e0", "cname": "\u76f8\u518a"}, {"ename": "GB Sounds", "jname": "GB\u30d7\u30ec\u30a4\u30e4\u30fc", "cname": "GB\u64ad\u653e\u6a5f"}, {"ename": "Tidal Bell", "jname": "\u3046\u307f\u306a\u308a\u306e\u30b9\u30ba", "cname": "\u6d77\u9cf4\u9234\u5679"}, {"ename": "Data Card", "jname": "\u30c7\u30fc\u30bf\u30ab\u30fc\u30c9", "cname": "\u8cc7\u6599\u5361"}, {"ename": "Jade Orb", "jname": "\u3082\u3048\u304e\u3044\u308d\u306e\u305f\u307e", "cname": "\u7da0\u8272\u5bf6\u73e0"}, {"ename": "Lock Capsule", "jname": "\u30ed\u30c3\u30af\u30ab\u30d7\u30bb\u30eb", "cname": "\u9396\u7dca\u81a0\u56ca"}, {"ename": "Enigma Stone", "jname": "\u306a\u305e\u306e\u3059\u3044\u3057\u3087\u3046", "cname": "\u8b0e\u4e4b\u6c34\u6676"}, {"ename": "Liberty Pass", "jname": "\u30ea\u30d0\u30c6\u30a3\u30c1\u30b1\u30c3\u30c8", "cname": "\u81ea\u7531\u8239\u7968"}, {"ename": "Prop Case", "jname": "\u30b0\u30c3\u30ba\u30b1\u30fc\u30b9", "cname": "\u88dd\u98fe\u54c1\u76d2"}, {"ename": "Dragon Skull", "jname": "\u30c9\u30e9\u30b4\u30f3\u306e\u30db\u30cd", "cname": "\u9f8d\u9aa8"}, {"ename": "Dark Stone", "jname": "\u30c0\u30fc\u30af\u30b9\u30c8\u30fc\u30f3", "cname": "\u9ed1\u95c7\u77f3"}, {"ename": "Light Stone", "jname": "\u30e9\u30a4\u30c8\u30b9\u30c8\u30fc\u30f3", "cname": "\u5149\u8292\u77f3"}, {"ename": "Xtransceiver", "jname": "\u30e9\u30a4\u30d6\u30ad\u30e3\u30b9\u30bf\u30fc", "cname": "\u5be6\u6cc1\u8f49\u64ad\u5668"}, {"ename": "Gram 1", "jname": "\u306f\u3044\u305f\u3064\u3076\u3064\uff11", "cname": "\u914d\u9054\u72691"}, {"ename": "Gram 2", "jname": "\u306f\u3044\u305f\u3064\u3076\u3064\uff12", "cname": "\u914d\u9054\u72692"}, {"ename": "Gram 3", "jname": "\u306f\u3044\u305f\u3064\u3076\u3064\uff13", "cname": "\u914d\u9054\u72693"}, {"ename": "Holo Caster", "jname": "\u30db\u30ed\u30ad\u30e3\u30b9\u30bf\u30fc", "cname": "\u5168\u606f\u8f6c\u64ad\u5668"}, {"ename": "Adventure Rules", "jname": "\u305f\u3093\u3051\u3093\u3053\u3053\u308d\u3048", "cname": "\u63a2\u9669\u5fc3\u5f97"}, {"ename": "Intriguing Stone", "jname": "\u3059\u3054\u305d\u3046\u306a\u3044\u3057", "cname": "\u5947\u5999\u77f3"}, {"ename": "Lens Case", "jname": "\u30ec\u30f3\u30ba\u30b1\u30fc\u30b9", "cname": "\u96b1\u5f62\u773c\u93e1\u76d2"}, {"ename": "Mega Ring", "jname": "\u30e1\u30ac\u30ea\u30f3\u30b0", "cname": "\u767e\u842c\u624b\u9432"}, {"ename": "Roller Skates", "jname": "\u30ed\u30fc\u30e9\u30fc\u30b9\u30b1\u30fc\u30c8", "cname": "\u6ed1\u8f2a\u978b"}, {"ename": "Power Plant Pass", "jname": "\u306f\u3064\u3067\u3093\u3057\u3087\u30d1\u30b9", "cname": "\u767c\u96fb\u5ee0\u901a\u884c\u8b49"}, {"ename": "TMV Pass", "jname": "\uff34\uff2d\uff36\u30d1\u30b9", "cname": "TMV\u901a\u884c\u8b49"}, {"ename": "Honor of Kalos", "jname": "\u30ab\u30ed\u30b9\u30a8\u30f3\u30d6\u30ec\u30e0", "cname": "\u5361\u6d1b\u65af\u7d0b\u7ae0"}, {"ename": "Looker Ticket", "jname": "\u30cf\u30f3\u30b5\u30e0\u30c1\u30b1\u30c3\u30c8", "cname": "\u5e05\u54e5\u7968\u8bc1"}, {"ename": "Strange Souvenir", "jname": "\u3075\u3057\u304e\u306a\u304a\u304d\u3082\u306e", "cname": "\u795e\u5947\u64fa\u8a2d"}, {"ename": "Red Apricorn", "jname": "\u3042\u304b\u307c\u3093\u3050\u308a", "cname": "\u7ea2\u8272\u5706\u67d1\u679c"}, {"ename": "Blu Apricorn", "jname": "\u3042\u304a\u307c\u3093\u3050\u308a", "cname": "\u84dd\u8272\u5706\u67d1\u679c"}, {"ename": "Ylw Apricorn", "jname": "\u304d\u307c\u3093\u3050\u308a", "cname": "\u9ec4\u8272\u5706\u67d1\u679c"}, {"ename": "Grn Apricorn", "jname": "\u307f\u3069\u307c\u3093\u3050\u308a", "cname": "\u7eff\u8272\u5706\u67d1\u679c\u5b9e"}, {"ename": "Wht Apricorn", "jname": "\u3057\u308d\u307c\u3093\u3050\u308a", "cname": "\u767d\u8272\u5706\u67d1\u679c\u5b9e"}, {"ename": "Blk Apricorn", "jname": "\u304f\u308d\u307c\u3093\u3050\u308a", "cname": "\u9ed1\u8272\u5706\u67d1\u679c\u5b9e"}, {"ename": "Pnk Apricorn", "jname": "\u3082\u3082\u307c\u3093\u3050\u308a", "cname": "\u7c89\u8272\u5706\u67d1\u679c"}]