[{"ename": "Normal", "jname": "\u30ce\u30fc\u30de\u30eb", "cname": "\u4e00\u822c"}, {"ename": "Fighting", "jname": "\u304b\u304f\u3068\u3046", "cname": "\u683c\u6597"}, {"ename": "Flying", "jname": "\u3072\u3053\u3046", "cname": "\u98de\u884c"}, {"ename": "Poison", "jname": "\u3069\u304f", "cname": "\u6bd2"}, {"ename": "Ground", "jname": "\u3058\u3081\u3093", "cname": "\u5730\u4e0a"}, {"ename": "Rock", "jname": "\u3044\u308f", "cname": "\u5ca9\u77f3"}, {"ename": "Bug", "jname": "\u3080\u3057", "cname": "\u866b"}, {"ename": "Ghost", "jname": "\u30b4\u30fc\u30b9\u30c8", "cname": "\u5e7d\u7075"}, {"ename": "Steel", "jname": "\u306f\u304c\u306d", "cname": "\u94a2"}, {"ename": "Fire", "jname": "\u307b\u306e\u304a", "cname": "\u708e"}, {"ename": "Water", "jname": "\u307f\u305a", "cname": "\u6c34"}, {"ename": "Grass", "jname": "\u304f\u3055", "cname": "\u8349"}, {"ename": "Electric", "jname": "\u3067\u3093\u304d", "cname": "\u7535"}, {"ename": "Psychic", "jname": "\u30a8\u30b9\u30d1\u30fc", "cname": "\u8d85\u80fd"}, {"ename": "Ice", "jname": "\u3053\u304a\u308a", "cname": "\u51b0"}, {"ename": "Dragon", "jname": "\u30c9\u30e9\u30b4\u30f3", "cname": "\u9f99"}, {"ename": "Dark", "jname": "\u3042\u304f", "cname": "\u6076"}, {"ename": "Fairy", "jname": "\u30d5\u30a7\u30a2\u30ea\u30fc", "cname": "\u5996\u7cbe"}]
